State,Year,missing_Value,missing_YoY_abs,missing_YoY_pct,missing_summary
Alabama,2001,0,612,612,YoY_abs: 612; YoY_pct: 612
Alabama,2002,0,288,288,YoY_abs: 288; YoY_pct: 288
Alabama,2003,0,288,288,YoY_abs: 288; YoY_pct: 288
Alabama,2004,0,288,288,YoY_abs: 288; YoY_pct: 288
Alabama,2005,0,288,288,YoY_abs: 288; YoY_pct: 288
Alabama,2006,0,288,288,YoY_abs: 288; YoY_pct: 288
Alabama,2007,0,288,288,YoY_abs: 288; YoY_pct: 288
Alabama,2008,0,288,288,YoY_abs: 288; YoY_pct: 288
Alabama,2009,0,288,288,YoY_abs: 288; YoY_pct: 288
Alabama,2010,0,288,288,YoY_abs: 288; YoY_pct: 288
Alabama,2011,0,288,288,YoY_abs: 288; YoY_pct: 288
Alabama,2012,0,288,288,YoY_abs: 288; YoY_pct: 288
Alabama,2013,0,288,288,YoY_abs: 288; YoY_pct: 288
Alabama,2014,0,384,385,YoY_abs: 384; YoY_pct: 385
Alabama,2015,0,336,359,YoY_abs: 336; YoY_pct: 359
Alabama,2016,0,336,360,YoY_abs: 336; YoY_pct: 360
Alabama,2017,0,336,360,YoY_abs: 336; YoY_pct: 360
Alabama,2018,0,336,360,YoY_abs: 336; YoY_pct: 360
Alabama,2019,0,336,360,YoY_abs: 336; YoY_pct: 360
Alabama,2020,0,336,360,YoY_abs: 336; YoY_pct: 360
Alabama,2021,0,336,360,YoY_abs: 336; YoY_pct: 360
Alabama,2022,0,336,360,YoY_abs: 336; YoY_pct: 360
Alabama,2023,0,336,360,YoY_abs: 336; YoY_pct: 360
Alabama,2024,0,336,376,YoY_abs: 336; YoY_pct: 376
Alabama,2025,0,196,220,YoY_abs: 196; YoY_pct: 220
Alaska,2001,0,564,564,YoY_abs: 564; YoY_pct: 564
Alaska,2002,0,312,312,YoY_abs: 312; YoY_pct: 312
Alaska,2003,0,312,336,YoY_abs: 312; YoY_pct: 336
Alaska,2004,0,264,264,YoY_abs: 264; YoY_pct: 264
Alaska,2005,0,312,360,YoY_abs: 312; YoY_pct: 360
Alaska,2006,0,312,336,YoY_abs: 312; YoY_pct: 336
Alaska,2007,0,312,336,YoY_abs: 312; YoY_pct: 336
Alaska,2008,0,312,336,YoY_abs: 312; YoY_pct: 336
Alaska,2009,0,312,346,YoY_abs: 312; YoY_pct: 346
Alaska,2010,0,312,326,YoY_abs: 312; YoY_pct: 326
Alaska,2011,0,312,316,YoY_abs: 312; YoY_pct: 316
Alaska,2012,0,312,318,YoY_abs: 312; YoY_pct: 318
Alaska,2013,0,312,325,YoY_abs: 312; YoY_pct: 325
Alaska,2014,0,312,312,YoY_abs: 312; YoY_pct: 312
Alaska,2015,0,312,312,YoY_abs: 312; YoY_pct: 312
Alaska,2016,0,360,360,YoY_abs: 360; YoY_pct: 360
Alaska,2017,0,336,355,YoY_abs: 336; YoY_pct: 355
Alaska,2018,0,336,355,YoY_abs: 336; YoY_pct: 355
Alaska,2019,0,336,342,YoY_abs: 336; YoY_pct: 342
Alaska,2020,0,336,354,YoY_abs: 336; YoY_pct: 354
Alaska,2021,0,336,353,YoY_abs: 336; YoY_pct: 353
Alaska,2022,0,336,364,YoY_abs: 336; YoY_pct: 364
Alaska,2023,0,336,363,YoY_abs: 336; YoY_pct: 363
Alaska,2024,0,336,367,YoY_abs: 336; YoY_pct: 367
Alaska,2025,0,196,217,YoY_abs: 196; YoY_pct: 217
Arizona,2001,0,612,612,YoY_abs: 612; YoY_pct: 612
Arizona,2002,0,288,288,YoY_abs: 288; YoY_pct: 288
Arizona,2003,0,384,388,YoY_abs: 384; YoY_pct: 388
Arizona,2004,0,336,360,YoY_abs: 336; YoY_pct: 360
Arizona,2005,0,336,368,YoY_abs: 336; YoY_pct: 368
Arizona,2006,0,336,336,YoY_abs: 336; YoY_pct: 336
Arizona,2007,0,336,338,YoY_abs: 336; YoY_pct: 338
Arizona,2008,0,336,336,YoY_abs: 336; YoY_pct: 336
Arizona,2009,0,348,348,YoY_abs: 348; YoY_pct: 348
Arizona,2010,0,378,378,YoY_abs: 378; YoY_pct: 378
Arizona,2011,0,360,361,YoY_abs: 360; YoY_pct: 361
Arizona,2012,0,360,360,YoY_abs: 360; YoY_pct: 360
Arizona,2013,0,344,344,YoY_abs: 344; YoY_pct: 344
Arizona,2014,0,352,352,YoY_abs: 352; YoY_pct: 352
Arizona,2015,0,360,384,YoY_abs: 360; YoY_pct: 384
Arizona,2016,0,360,384,YoY_abs: 360; YoY_pct: 384
Arizona,2017,0,336,336,YoY_abs: 336; YoY_pct: 336
Arizona,2018,0,336,336,YoY_abs: 336; YoY_pct: 336
Arizona,2019,0,336,336,YoY_abs: 336; YoY_pct: 336
Arizona,2020,0,336,336,YoY_abs: 336; YoY_pct: 336
Arizona,2021,0,336,336,YoY_abs: 336; YoY_pct: 336
Arizona,2022,0,336,336,YoY_abs: 336; YoY_pct: 336
Arizona,2023,0,336,338,YoY_abs: 336; YoY_pct: 338
Arizona,2024,0,336,358,YoY_abs: 336; YoY_pct: 358
Arizona,2025,0,196,218,YoY_abs: 196; YoY_pct: 218
Arkansas,2001,0,612,612,YoY_abs: 612; YoY_pct: 612
Arkansas,2002,0,288,288,YoY_abs: 288; YoY_pct: 288
Arkansas,2003,0,288,288,YoY_abs: 288; YoY_pct: 288
Arkansas,2004,0,288,288,YoY_abs: 288; YoY_pct: 288
Arkansas,2005,0,288,288,YoY_abs: 288; YoY_pct: 288
Arkansas,2006,0,288,288,YoY_abs: 288; YoY_pct: 288
Arkansas,2007,0,288,288,YoY_abs: 288; YoY_pct: 288
Arkansas,2008,0,288,288,YoY_abs: 288; YoY_pct: 288
Arkansas,2009,0,288,288,YoY_abs: 288; YoY_pct: 288
Arkansas,2010,0,288,288,YoY_abs: 288; YoY_pct: 288
Arkansas,2011,0,288,288,YoY_abs: 288; YoY_pct: 288
Arkansas,2012,0,288,298,YoY_abs: 288; YoY_pct: 298
Arkansas,2013,0,288,290,YoY_abs: 288; YoY_pct: 290
Arkansas,2014,0,384,384,YoY_abs: 384; YoY_pct: 384
Arkansas,2015,0,336,336,YoY_abs: 336; YoY_pct: 336
Arkansas,2016,0,336,336,YoY_abs: 336; YoY_pct: 336
Arkansas,2017,0,336,336,YoY_abs: 336; YoY_pct: 336
Arkansas,2018,0,336,336,YoY_abs: 336; YoY_pct: 336
Arkansas,2019,0,336,344,YoY_abs: 336; YoY_pct: 344
Arkansas,2020,0,336,336,YoY_abs: 336; YoY_pct: 336
Arkansas,2021,0,336,342,YoY_abs: 336; YoY_pct: 342
Arkansas,2022,0,336,337,YoY_abs: 336; YoY_pct: 337
Arkansas,2023,0,336,356,YoY_abs: 336; YoY_pct: 356
Arkansas,2024,0,336,360,YoY_abs: 336; YoY_pct: 360
Arkansas,2025,0,204,218,YoY_abs: 204; YoY_pct: 218
California,2001,0,708,708,YoY_abs: 708; YoY_pct: 708
California,2002,0,336,336,YoY_abs: 336; YoY_pct: 336
California,2003,0,384,384,YoY_abs: 384; YoY_pct: 384
California,2004,0,360,360,YoY_abs: 360; YoY_pct: 360
California,2005,0,360,360,YoY_abs: 360; YoY_pct: 360
California,2006,0,360,360,YoY_abs: 360; YoY_pct: 360
California,2007,0,360,360,YoY_abs: 360; YoY_pct: 360
California,2008,0,360,360,YoY_abs: 360; YoY_pct: 360
California,2009,0,360,360,YoY_abs: 360; YoY_pct: 360
California,2010,0,360,360,YoY_abs: 360; YoY_pct: 360
California,2011,0,360,360,YoY_abs: 360; YoY_pct: 360
California,2012,0,360,360,YoY_abs: 360; YoY_pct: 360
California,2013,0,360,360,YoY_abs: 360; YoY_pct: 360
California,2014,0,360,360,YoY_abs: 360; YoY_pct: 360
California,2015,0,360,360,YoY_abs: 360; YoY_pct: 360
California,2016,0,360,360,YoY_abs: 360; YoY_pct: 360
California,2017,0,360,360,YoY_abs: 360; YoY_pct: 360
California,2018,0,360,360,YoY_abs: 360; YoY_pct: 360
California,2019,0,360,360,YoY_abs: 360; YoY_pct: 360
California,2020,0,360,362,YoY_abs: 360; YoY_pct: 362
California,2021,0,360,360,YoY_abs: 360; YoY_pct: 360
California,2022,0,360,360,YoY_abs: 360; YoY_pct: 360
California,2023,0,360,360,YoY_abs: 360; YoY_pct: 360
California,2024,0,360,362,YoY_abs: 360; YoY_pct: 362
California,2025,0,210,210,YoY_abs: 210; YoY_pct: 210
Colorado,2001,0,660,660,YoY_abs: 660; YoY_pct: 660
Colorado,2002,0,312,312,YoY_abs: 312; YoY_pct: 312
Colorado,2003,0,312,312,YoY_abs: 312; YoY_pct: 312
Colorado,2004,0,312,312,YoY_abs: 312; YoY_pct: 312
Colorado,2005,0,312,312,YoY_abs: 312; YoY_pct: 312
Colorado,2006,0,312,312,YoY_abs: 312; YoY_pct: 312
Colorado,2007,0,360,360,YoY_abs: 360; YoY_pct: 360
Colorado,2008,0,336,358,YoY_abs: 336; YoY_pct: 358
Colorado,2009,0,336,339,YoY_abs: 336; YoY_pct: 339
Colorado,2010,0,336,336,YoY_abs: 336; YoY_pct: 336
Colorado,2011,0,336,336,YoY_abs: 336; YoY_pct: 336
Colorado,2012,0,336,336,YoY_abs: 336; YoY_pct: 336
Colorado,2013,0,336,338,YoY_abs: 336; YoY_pct: 338
Colorado,2014,0,336,341,YoY_abs: 336; YoY_pct: 341
Colorado,2015,0,336,339,YoY_abs: 336; YoY_pct: 339
Colorado,2016,0,336,338,YoY_abs: 336; YoY_pct: 338
Colorado,2017,0,336,338,YoY_abs: 336; YoY_pct: 338
Colorado,2018,0,336,336,YoY_abs: 336; YoY_pct: 336
Colorado,2019,0,336,336,YoY_abs: 336; YoY_pct: 336
Colorado,2020,0,336,336,YoY_abs: 336; YoY_pct: 336
Colorado,2021,0,336,354,YoY_abs: 336; YoY_pct: 354
Colorado,2022,0,336,336,YoY_abs: 336; YoY_pct: 336
Colorado,2023,0,336,336,YoY_abs: 336; YoY_pct: 336
Colorado,2024,0,336,336,YoY_abs: 336; YoY_pct: 336
Colorado,2025,0,196,198,YoY_abs: 196; YoY_pct: 198
Connecticut,2001,0,612,612,YoY_abs: 612; YoY_pct: 612
Connecticut,2002,0,288,312,YoY_abs: 288; YoY_pct: 312
Connecticut,2003,0,288,312,YoY_abs: 288; YoY_pct: 312
Connecticut,2004,0,288,312,YoY_abs: 288; YoY_pct: 312
Connecticut,2005,0,264,264,YoY_abs: 264; YoY_pct: 264
Connecticut,2006,0,264,264,YoY_abs: 264; YoY_pct: 264
Connecticut,2007,0,264,264,YoY_abs: 264; YoY_pct: 264
Connecticut,2008,0,276,288,YoY_abs: 276; YoY_pct: 288
Connecticut,2009,0,264,264,YoY_abs: 264; YoY_pct: 264
Connecticut,2010,0,264,264,YoY_abs: 264; YoY_pct: 264
Connecticut,2011,0,264,264,YoY_abs: 264; YoY_pct: 264
Connecticut,2012,0,264,278,YoY_abs: 264; YoY_pct: 278
Connecticut,2013,0,272,272,YoY_abs: 272; YoY_pct: 272
Connecticut,2014,0,376,408,YoY_abs: 376; YoY_pct: 408
Connecticut,2015,0,336,354,YoY_abs: 336; YoY_pct: 354
Connecticut,2016,0,384,405,YoY_abs: 384; YoY_pct: 405
Connecticut,2017,0,360,381,YoY_abs: 360; YoY_pct: 381
Connecticut,2018,0,360,380,YoY_abs: 360; YoY_pct: 380
Connecticut,2019,0,360,379,YoY_abs: 360; YoY_pct: 379
Connecticut,2020,0,360,388,YoY_abs: 360; YoY_pct: 388
Connecticut,2021,0,360,396,YoY_abs: 360; YoY_pct: 396
Connecticut,2022,0,360,394,YoY_abs: 360; YoY_pct: 394
Connecticut,2023,0,360,403,YoY_abs: 360; YoY_pct: 403
Connecticut,2024,0,360,413,YoY_abs: 360; YoY_pct: 413
Connecticut,2025,0,210,238,YoY_abs: 210; YoY_pct: 238
Delaware,2001,0,276,276,YoY_abs: 276; YoY_pct: 276
Delaware,2002,0,120,120,YoY_abs: 120; YoY_pct: 120
Delaware,2003,0,120,120,YoY_abs: 120; YoY_pct: 120
Delaware,2004,0,120,120,YoY_abs: 120; YoY_pct: 120
Delaware,2005,0,120,120,YoY_abs: 120; YoY_pct: 120
Delaware,2006,0,312,312,YoY_abs: 312; YoY_pct: 312
Delaware,2007,0,216,304,YoY_abs: 216; YoY_pct: 304
Delaware,2008,0,260,260,YoY_abs: 260; YoY_pct: 260
Delaware,2009,0,242,264,YoY_abs: 242; YoY_pct: 264
Delaware,2010,0,336,360,YoY_abs: 336; YoY_pct: 360
Delaware,2011,0,334,386,YoY_abs: 334; YoY_pct: 386
Delaware,2012,0,312,349,YoY_abs: 312; YoY_pct: 349
Delaware,2013,0,312,347,YoY_abs: 312; YoY_pct: 347
Delaware,2014,0,296,310,YoY_abs: 296; YoY_pct: 310
Delaware,2015,0,288,299,YoY_abs: 288; YoY_pct: 299
Delaware,2016,0,288,297,YoY_abs: 288; YoY_pct: 297
Delaware,2017,0,288,302,YoY_abs: 288; YoY_pct: 302
Delaware,2018,0,288,295,YoY_abs: 288; YoY_pct: 295
Delaware,2019,0,288,303,YoY_abs: 288; YoY_pct: 303
Delaware,2020,0,288,307,YoY_abs: 288; YoY_pct: 307
Delaware,2021,0,288,308,YoY_abs: 288; YoY_pct: 308
Delaware,2022,0,288,300,YoY_abs: 288; YoY_pct: 300
Delaware,2023,0,288,310,YoY_abs: 288; YoY_pct: 310
Delaware,2024,0,288,320,YoY_abs: 288; YoY_pct: 320
Delaware,2025,0,168,184,YoY_abs: 168; YoY_pct: 184
Florida,2001,0,612,612,YoY_abs: 612; YoY_pct: 612
Florida,2002,0,288,288,YoY_abs: 288; YoY_pct: 288
Florida,2003,0,288,288,YoY_abs: 288; YoY_pct: 288
Florida,2004,0,288,288,YoY_abs: 288; YoY_pct: 288
Florida,2005,0,288,288,YoY_abs: 288; YoY_pct: 288
Florida,2006,0,288,288,YoY_abs: 288; YoY_pct: 288
Florida,2007,0,288,288,YoY_abs: 288; YoY_pct: 288
Florida,2008,0,288,288,YoY_abs: 288; YoY_pct: 288
Florida,2009,0,312,312,YoY_abs: 312; YoY_pct: 312
Florida,2010,0,372,372,YoY_abs: 372; YoY_pct: 372
Florida,2011,0,336,336,YoY_abs: 336; YoY_pct: 336
Florida,2012,0,336,336,YoY_abs: 336; YoY_pct: 336
Florida,2013,0,336,336,YoY_abs: 336; YoY_pct: 336
Florida,2014,0,336,336,YoY_abs: 336; YoY_pct: 336
Florida,2015,0,336,336,YoY_abs: 336; YoY_pct: 336
Florida,2016,0,336,336,YoY_abs: 336; YoY_pct: 336
Florida,2017,0,336,336,YoY_abs: 336; YoY_pct: 336
Florida,2018,0,336,336,YoY_abs: 336; YoY_pct: 336
Florida,2019,0,336,336,YoY_abs: 336; YoY_pct: 336
Florida,2020,0,336,336,YoY_abs: 336; YoY_pct: 336
Florida,2021,0,336,336,YoY_abs: 336; YoY_pct: 336
Florida,2022,0,336,336,YoY_abs: 336; YoY_pct: 336
Florida,2023,0,336,336,YoY_abs: 336; YoY_pct: 336
Florida,2024,0,336,338,YoY_abs: 336; YoY_pct: 338
Florida,2025,0,196,198,YoY_abs: 196; YoY_pct: 198
Georgia,2001,0,612,612,YoY_abs: 612; YoY_pct: 612
Georgia,2002,0,288,288,YoY_abs: 288; YoY_pct: 288
Georgia,2003,0,288,288,YoY_abs: 288; YoY_pct: 288
Georgia,2004,0,288,288,YoY_abs: 288; YoY_pct: 288
Georgia,2005,0,288,288,YoY_abs: 288; YoY_pct: 288
Georgia,2006,0,288,288,YoY_abs: 288; YoY_pct: 288
Georgia,2007,0,288,288,YoY_abs: 288; YoY_pct: 288
Georgia,2008,0,288,288,YoY_abs: 288; YoY_pct: 288
Georgia,2009,0,288,288,YoY_abs: 288; YoY_pct: 288
Georgia,2010,0,288,288,YoY_abs: 288; YoY_pct: 288
Georgia,2011,0,288,288,YoY_abs: 288; YoY_pct: 288
Georgia,2012,0,384,384,YoY_abs: 384; YoY_pct: 384
Georgia,2013,0,336,370,YoY_abs: 336; YoY_pct: 370
Georgia,2014,0,336,336,YoY_abs: 336; YoY_pct: 336
Georgia,2015,0,336,336,YoY_abs: 336; YoY_pct: 336
Georgia,2016,0,336,336,YoY_abs: 336; YoY_pct: 336
Georgia,2017,0,336,336,YoY_abs: 336; YoY_pct: 336
Georgia,2018,0,336,336,YoY_abs: 336; YoY_pct: 336
Georgia,2019,0,336,336,YoY_abs: 336; YoY_pct: 336
Georgia,2020,0,336,336,YoY_abs: 336; YoY_pct: 336
Georgia,2021,0,336,336,YoY_abs: 336; YoY_pct: 336
Georgia,2022,0,336,336,YoY_abs: 336; YoY_pct: 336
Georgia,2023,0,336,336,YoY_abs: 336; YoY_pct: 336
Georgia,2024,0,336,336,YoY_abs: 336; YoY_pct: 336
Georgia,2025,0,196,198,YoY_abs: 196; YoY_pct: 198
Hawaii,2001,0,660,660,YoY_abs: 660; YoY_pct: 660
Hawaii,2002,0,312,360,YoY_abs: 312; YoY_pct: 360
Hawaii,2003,0,312,360,YoY_abs: 312; YoY_pct: 360
Hawaii,2004,0,288,312,YoY_abs: 288; YoY_pct: 312
Hawaii,2005,0,288,296,YoY_abs: 288; YoY_pct: 296
Hawaii,2006,0,288,296,YoY_abs: 288; YoY_pct: 296
Hawaii,2007,0,288,296,YoY_abs: 288; YoY_pct: 296
Hawaii,2008,0,336,336,YoY_abs: 336; YoY_pct: 336
Hawaii,2009,0,312,336,YoY_abs: 312; YoY_pct: 336
Hawaii,2010,0,312,316,YoY_abs: 312; YoY_pct: 316
Hawaii,2011,0,314,321,YoY_abs: 314; YoY_pct: 321
Hawaii,2012,0,312,313,YoY_abs: 312; YoY_pct: 313
Hawaii,2013,0,312,313,YoY_abs: 312; YoY_pct: 313
Hawaii,2014,0,312,312,YoY_abs: 312; YoY_pct: 312
Hawaii,2015,0,312,312,YoY_abs: 312; YoY_pct: 312
Hawaii,2016,0,312,314,YoY_abs: 312; YoY_pct: 314
Hawaii,2017,0,312,312,YoY_abs: 312; YoY_pct: 312
Hawaii,2018,0,312,312,YoY_abs: 312; YoY_pct: 312
Hawaii,2019,0,312,312,YoY_abs: 312; YoY_pct: 312
Hawaii,2020,0,312,312,YoY_abs: 312; YoY_pct: 312
Hawaii,2021,0,312,312,YoY_abs: 312; YoY_pct: 312
Hawaii,2022,0,310,310,YoY_abs: 310; YoY_pct: 310
Hawaii,2023,0,288,288,YoY_abs: 288; YoY_pct: 288
Hawaii,2024,0,288,312,YoY_abs: 288; YoY_pct: 312
Hawaii,2025,0,168,183,YoY_abs: 168; YoY_pct: 183
Idaho,2001,0,516,516,YoY_abs: 516; YoY_pct: 516
Idaho,2002,0,240,240,YoY_abs: 240; YoY_pct: 240
Idaho,2003,0,240,240,YoY_abs: 240; YoY_pct: 240
Idaho,2004,0,240,240,YoY_abs: 240; YoY_pct: 240
Idaho,2005,0,240,240,YoY_abs: 240; YoY_pct: 240
Idaho,2006,0,336,336,YoY_abs: 336; YoY_pct: 336
Idaho,2007,0,288,288,YoY_abs: 288; YoY_pct: 288
Idaho,2008,0,336,336,YoY_abs: 336; YoY_pct: 336
Idaho,2009,0,312,312,YoY_abs: 312; YoY_pct: 312
Idaho,2010,0,312,312,YoY_abs: 312; YoY_pct: 312
Idaho,2011,0,312,312,YoY_abs: 312; YoY_pct: 312
Idaho,2012,0,312,312,YoY_abs: 312; YoY_pct: 312
Idaho,2013,0,312,312,YoY_abs: 312; YoY_pct: 312
Idaho,2014,0,360,360,YoY_abs: 360; YoY_pct: 360
Idaho,2015,0,336,336,YoY_abs: 336; YoY_pct: 336
Idaho,2016,0,336,336,YoY_abs: 336; YoY_pct: 336
Idaho,2017,0,336,340,YoY_abs: 336; YoY_pct: 340
Idaho,2018,0,336,338,YoY_abs: 336; YoY_pct: 338
Idaho,2019,0,336,340,YoY_abs: 336; YoY_pct: 340
Idaho,2020,0,336,342,YoY_abs: 336; YoY_pct: 342
Idaho,2021,0,336,340,YoY_abs: 336; YoY_pct: 340
Idaho,2022,0,336,342,YoY_abs: 336; YoY_pct: 342
Idaho,2023,0,336,356,YoY_abs: 336; YoY_pct: 356
Idaho,2024,0,336,366,YoY_abs: 336; YoY_pct: 366
Idaho,2025,0,196,224,YoY_abs: 196; YoY_pct: 224
Illinois,2001,0,612,612,YoY_abs: 612; YoY_pct: 612
Illinois,2002,0,288,288,YoY_abs: 288; YoY_pct: 288
Illinois,2003,0,384,385,YoY_abs: 384; YoY_pct: 385
Illinois,2004,0,336,336,YoY_abs: 336; YoY_pct: 336
Illinois,2005,0,336,338,YoY_abs: 336; YoY_pct: 338
Illinois,2006,0,336,336,YoY_abs: 336; YoY_pct: 336
Illinois,2007,0,336,337,YoY_abs: 336; YoY_pct: 337
Illinois,2008,0,336,339,YoY_abs: 336; YoY_pct: 339
Illinois,2009,0,384,396,YoY_abs: 384; YoY_pct: 396
Illinois,2010,0,360,395,YoY_abs: 360; YoY_pct: 395
Illinois,2011,0,360,372,YoY_abs: 360; YoY_pct: 372
Illinois,2012,0,360,384,YoY_abs: 360; YoY_pct: 384
Illinois,2013,0,360,360,YoY_abs: 360; YoY_pct: 360
Illinois,2014,0,360,360,YoY_abs: 360; YoY_pct: 360
Illinois,2015,0,360,360,YoY_abs: 360; YoY_pct: 360
Illinois,2016,0,360,360,YoY_abs: 360; YoY_pct: 360
Illinois,2017,0,360,360,YoY_abs: 360; YoY_pct: 360
Illinois,2018,0,360,360,YoY_abs: 360; YoY_pct: 360
Illinois,2019,0,360,362,YoY_abs: 360; YoY_pct: 362
Illinois,2020,0,360,360,YoY_abs: 360; YoY_pct: 360
Illinois,2021,0,360,360,YoY_abs: 360; YoY_pct: 360
Illinois,2022,0,360,368,YoY_abs: 360; YoY_pct: 368
Illinois,2023,0,360,362,YoY_abs: 360; YoY_pct: 362
Illinois,2024,0,360,374,YoY_abs: 360; YoY_pct: 374
Illinois,2025,0,210,222,YoY_abs: 210; YoY_pct: 222
Indiana,2001,0,536,536,YoY_abs: 536; YoY_pct: 536
Indiana,2002,0,278,281,YoY_abs: 278; YoY_pct: 281
Indiana,2003,0,264,279,YoY_abs: 264; YoY_pct: 279
Indiana,2004,0,264,280,YoY_abs: 264; YoY_pct: 280
Indiana,2005,0,264,290,YoY_abs: 264; YoY_pct: 290
Indiana,2006,0,240,240,YoY_abs: 240; YoY_pct: 240
Indiana,2007,0,240,240,YoY_abs: 240; YoY_pct: 240
Indiana,2008,0,304,304,YoY_abs: 304; YoY_pct: 304
Indiana,2009,0,304,304,YoY_abs: 304; YoY_pct: 304
Indiana,2010,0,288,288,YoY_abs: 288; YoY_pct: 288
Indiana,2011,0,312,336,YoY_abs: 312; YoY_pct: 336
Indiana,2012,0,360,362,YoY_abs: 360; YoY_pct: 362
Indiana,2013,0,336,360,YoY_abs: 336; YoY_pct: 360
Indiana,2014,0,336,336,YoY_abs: 336; YoY_pct: 336
Indiana,2015,0,336,336,YoY_abs: 336; YoY_pct: 336
Indiana,2016,0,336,336,YoY_abs: 336; YoY_pct: 336
Indiana,2017,0,336,336,YoY_abs: 336; YoY_pct: 336
Indiana,2018,0,336,336,YoY_abs: 336; YoY_pct: 336
Indiana,2019,0,336,336,YoY_abs: 336; YoY_pct: 336
Indiana,2020,0,336,336,YoY_abs: 336; YoY_pct: 336
Indiana,2021,0,336,336,YoY_abs: 336; YoY_pct: 336
Indiana,2022,0,336,336,YoY_abs: 336; YoY_pct: 336
Indiana,2023,0,336,336,YoY_abs: 336; YoY_pct: 336
Indiana,2024,0,336,338,YoY_abs: 336; YoY_pct: 338
Indiana,2025,0,196,196,YoY_abs: 196; YoY_pct: 196
Iowa,2001,0,708,708,YoY_abs: 708; YoY_pct: 708
Iowa,2002,0,336,336,YoY_abs: 336; YoY_pct: 336
Iowa,2003,0,336,336,YoY_abs: 336; YoY_pct: 336
Iowa,2004,0,336,336,YoY_abs: 336; YoY_pct: 336
Iowa,2005,0,336,336,YoY_abs: 336; YoY_pct: 336
Iowa,2006,0,336,338,YoY_abs: 336; YoY_pct: 338
Iowa,2007,0,336,336,YoY_abs: 336; YoY_pct: 336
Iowa,2008,0,336,336,YoY_abs: 336; YoY_pct: 336
Iowa,2009,0,336,336,YoY_abs: 336; YoY_pct: 336
Iowa,2010,0,336,336,YoY_abs: 336; YoY_pct: 336
Iowa,2011,0,336,338,YoY_abs: 336; YoY_pct: 338
Iowa,2012,0,336,336,YoY_abs: 336; YoY_pct: 336
Iowa,2013,0,336,336,YoY_abs: 336; YoY_pct: 336
Iowa,2014,0,384,386,YoY_abs: 384; YoY_pct: 386
Iowa,2015,0,360,360,YoY_abs: 360; YoY_pct: 360
Iowa,2016,0,360,360,YoY_abs: 360; YoY_pct: 360
Iowa,2017,0,360,360,YoY_abs: 360; YoY_pct: 360
Iowa,2018,0,360,360,YoY_abs: 360; YoY_pct: 360
Iowa,2019,0,360,360,YoY_abs: 360; YoY_pct: 360
Iowa,2020,0,358,360,YoY_abs: 358; YoY_pct: 360
Iowa,2021,0,336,342,YoY_abs: 336; YoY_pct: 342
Iowa,2022,0,336,336,YoY_abs: 336; YoY_pct: 336
Iowa,2023,0,336,338,YoY_abs: 336; YoY_pct: 338
Iowa,2024,0,336,340,YoY_abs: 336; YoY_pct: 340
Iowa,2025,0,196,204,YoY_abs: 196; YoY_pct: 204
Kansas,2001,0,532,532,YoY_abs: 532; YoY_pct: 532
Kansas,2002,0,328,362,YoY_abs: 328; YoY_pct: 362
Kansas,2003,0,288,288,YoY_abs: 288; YoY_pct: 288
Kansas,2004,0,288,290,YoY_abs: 288; YoY_pct: 290
Kansas,2005,0,288,288,YoY_abs: 288; YoY_pct: 288
Kansas,2006,0,288,288,YoY_abs: 288; YoY_pct: 288
Kansas,2007,0,288,288,YoY_abs: 288; YoY_pct: 288
Kansas,2008,0,288,288,YoY_abs: 288; YoY_pct: 288
Kansas,2009,0,384,386,YoY_abs: 384; YoY_pct: 386
Kansas,2010,0,336,384,YoY_abs: 336; YoY_pct: 384
Kansas,2011,0,336,360,YoY_abs: 336; YoY_pct: 360
Kansas,2012,0,336,364,YoY_abs: 336; YoY_pct: 364
Kansas,2013,0,336,362,YoY_abs: 336; YoY_pct: 362
Kansas,2014,0,384,409,YoY_abs: 384; YoY_pct: 409
Kansas,2015,0,360,389,YoY_abs: 360; YoY_pct: 389
Kansas,2016,0,360,384,YoY_abs: 360; YoY_pct: 384
Kansas,2017,0,360,388,YoY_abs: 360; YoY_pct: 388
Kansas,2018,0,360,384,YoY_abs: 360; YoY_pct: 384
Kansas,2019,0,336,338,YoY_abs: 336; YoY_pct: 338
Kansas,2020,0,336,339,YoY_abs: 336; YoY_pct: 339
Kansas,2021,0,336,336,YoY_abs: 336; YoY_pct: 336
Kansas,2022,0,336,338,YoY_abs: 336; YoY_pct: 338
Kansas,2023,0,336,360,YoY_abs: 336; YoY_pct: 360
Kansas,2024,0,336,338,YoY_abs: 336; YoY_pct: 338
Kansas,2025,0,196,206,YoY_abs: 196; YoY_pct: 206
Kentucky,2001,0,516,516,YoY_abs: 516; YoY_pct: 516
Kentucky,2002,0,240,240,YoY_abs: 240; YoY_pct: 240
Kentucky,2003,0,288,288,YoY_abs: 288; YoY_pct: 288
Kentucky,2004,0,264,284,YoY_abs: 264; YoY_pct: 284
Kentucky,2005,0,264,264,YoY_abs: 264; YoY_pct: 264
Kentucky,2006,0,264,278,YoY_abs: 264; YoY_pct: 278
Kentucky,2007,0,264,269,YoY_abs: 264; YoY_pct: 269
Kentucky,2008,0,264,267,YoY_abs: 264; YoY_pct: 267
Kentucky,2009,0,264,265,YoY_abs: 264; YoY_pct: 265
Kentucky,2010,0,264,271,YoY_abs: 264; YoY_pct: 271
Kentucky,2011,0,264,267,YoY_abs: 264; YoY_pct: 267
Kentucky,2012,0,264,282,YoY_abs: 264; YoY_pct: 282
Kentucky,2013,0,264,275,YoY_abs: 264; YoY_pct: 275
Kentucky,2014,0,360,382,YoY_abs: 360; YoY_pct: 382
Kentucky,2015,0,312,336,YoY_abs: 312; YoY_pct: 336
Kentucky,2016,0,312,336,YoY_abs: 312; YoY_pct: 336
Kentucky,2017,0,288,288,YoY_abs: 288; YoY_pct: 288
Kentucky,2018,0,288,288,YoY_abs: 288; YoY_pct: 288
Kentucky,2019,0,288,288,YoY_abs: 288; YoY_pct: 288
Kentucky,2020,0,288,290,YoY_abs: 288; YoY_pct: 290
Kentucky,2021,0,288,288,YoY_abs: 288; YoY_pct: 288
Kentucky,2022,0,288,288,YoY_abs: 288; YoY_pct: 288
Kentucky,2023,0,288,288,YoY_abs: 288; YoY_pct: 288
Kentucky,2024,0,288,288,YoY_abs: 288; YoY_pct: 288
Kentucky,2025,0,168,168,YoY_abs: 168; YoY_pct: 168
Louisiana,2001,0,612,612,YoY_abs: 612; YoY_pct: 612
Louisiana,2002,0,288,288,YoY_abs: 288; YoY_pct: 288
Louisiana,2003,0,288,288,YoY_abs: 288; YoY_pct: 288
Louisiana,2004,0,288,288,YoY_abs: 288; YoY_pct: 288
Louisiana,2005,0,288,288,YoY_abs: 288; YoY_pct: 288
Louisiana,2006,0,288,288,YoY_abs: 288; YoY_pct: 288
Louisiana,2007,0,288,288,YoY_abs: 288; YoY_pct: 288
Louisiana,2008,0,288,288,YoY_abs: 288; YoY_pct: 288
Louisiana,2009,0,288,288,YoY_abs: 288; YoY_pct: 288
Louisiana,2010,0,288,288,YoY_abs: 288; YoY_pct: 288
Louisiana,2011,0,288,288,YoY_abs: 288; YoY_pct: 288
Louisiana,2012,0,288,288,YoY_abs: 288; YoY_pct: 288
Louisiana,2013,0,288,290,YoY_abs: 288; YoY_pct: 290
Louisiana,2014,0,384,384,YoY_abs: 384; YoY_pct: 384
Louisiana,2015,0,336,336,YoY_abs: 336; YoY_pct: 336
Louisiana,2016,0,336,336,YoY_abs: 336; YoY_pct: 336
Louisiana,2017,0,336,336,YoY_abs: 336; YoY_pct: 336
Louisiana,2018,0,336,336,YoY_abs: 336; YoY_pct: 336
Louisiana,2019,0,336,336,YoY_abs: 336; YoY_pct: 336
Louisiana,2020,0,336,336,YoY_abs: 336; YoY_pct: 336
Louisiana,2021,0,336,340,YoY_abs: 336; YoY_pct: 340
Louisiana,2022,0,336,336,YoY_abs: 336; YoY_pct: 336
Louisiana,2023,0,336,336,YoY_abs: 336; YoY_pct: 336
Louisiana,2024,0,336,340,YoY_abs: 336; YoY_pct: 340
Louisiana,2025,0,196,200,YoY_abs: 196; YoY_pct: 200
Maine,2001,0,564,564,YoY_abs: 564; YoY_pct: 564
Maine,2002,0,264,264,YoY_abs: 264; YoY_pct: 264
Maine,2003,0,264,264,YoY_abs: 264; YoY_pct: 264
Maine,2004,0,264,264,YoY_abs: 264; YoY_pct: 264
Maine,2005,0,264,264,YoY_abs: 264; YoY_pct: 264
Maine,2006,0,264,264,YoY_abs: 264; YoY_pct: 264
Maine,2007,0,336,336,YoY_abs: 336; YoY_pct: 336
Maine,2008,0,324,324,YoY_abs: 324; YoY_pct: 324
Maine,2009,0,312,312,YoY_abs: 312; YoY_pct: 312
Maine,2010,0,312,312,YoY_abs: 312; YoY_pct: 312
Maine,2011,0,312,312,YoY_abs: 312; YoY_pct: 312
Maine,2012,0,312,312,YoY_abs: 312; YoY_pct: 312
Maine,2013,0,312,312,YoY_abs: 312; YoY_pct: 312
Maine,2014,0,360,360,YoY_abs: 360; YoY_pct: 360
Maine,2015,0,336,336,YoY_abs: 336; YoY_pct: 336
Maine,2016,0,336,336,YoY_abs: 336; YoY_pct: 336
Maine,2017,0,336,336,YoY_abs: 336; YoY_pct: 336
Maine,2018,0,336,336,YoY_abs: 336; YoY_pct: 336
Maine,2019,0,336,336,YoY_abs: 336; YoY_pct: 336
Maine,2020,0,336,336,YoY_abs: 336; YoY_pct: 336
Maine,2021,0,336,336,YoY_abs: 336; YoY_pct: 336
Maine,2022,0,336,336,YoY_abs: 336; YoY_pct: 336
Maine,2023,0,336,336,YoY_abs: 336; YoY_pct: 336
Maine,2024,0,336,336,YoY_abs: 336; YoY_pct: 336
Maine,2025,0,196,196,YoY_abs: 196; YoY_pct: 196
Maryland,2001,0,612,612,YoY_abs: 612; YoY_pct: 612
Maryland,2002,0,288,312,YoY_abs: 288; YoY_pct: 312
Maryland,2003,0,288,312,YoY_abs: 288; YoY_pct: 312
Maryland,2004,0,288,312,YoY_abs: 288; YoY_pct: 312
Maryland,2005,0,264,264,YoY_abs: 264; YoY_pct: 264
Maryland,2006,0,264,264,YoY_abs: 264; YoY_pct: 264
Maryland,2007,0,264,264,YoY_abs: 264; YoY_pct: 264
Maryland,2008,0,264,264,YoY_abs: 264; YoY_pct: 264
Maryland,2009,0,264,264,YoY_abs: 264; YoY_pct: 264
Maryland,2010,0,300,324,YoY_abs: 300; YoY_pct: 324
Maryland,2011,0,426,439,YoY_abs: 426; YoY_pct: 439
Maryland,2012,0,360,372,YoY_abs: 360; YoY_pct: 372
Maryland,2013,0,360,384,YoY_abs: 360; YoY_pct: 384
Maryland,2014,0,360,360,YoY_abs: 360; YoY_pct: 360
Maryland,2015,0,360,360,YoY_abs: 360; YoY_pct: 360
Maryland,2016,0,360,360,YoY_abs: 360; YoY_pct: 360
Maryland,2017,0,360,360,YoY_abs: 360; YoY_pct: 360
Maryland,2018,0,360,360,YoY_abs: 360; YoY_pct: 360
Maryland,2019,0,360,360,YoY_abs: 360; YoY_pct: 360
Maryland,2020,0,360,360,YoY_abs: 360; YoY_pct: 360
Maryland,2021,0,360,360,YoY_abs: 360; YoY_pct: 360
Maryland,2022,0,360,384,YoY_abs: 360; YoY_pct: 384
Maryland,2023,0,360,384,YoY_abs: 360; YoY_pct: 384
Maryland,2024,0,336,336,YoY_abs: 336; YoY_pct: 336
Maryland,2025,0,196,196,YoY_abs: 196; YoY_pct: 196
Massachusetts,2001,0,708,708,YoY_abs: 708; YoY_pct: 708
Massachusetts,2002,0,336,398,YoY_abs: 336; YoY_pct: 398
Massachusetts,2003,0,288,300,YoY_abs: 288; YoY_pct: 300
Massachusetts,2004,0,288,288,YoY_abs: 288; YoY_pct: 288
Massachusetts,2005,0,288,288,YoY_abs: 288; YoY_pct: 288
Massachusetts,2006,0,288,288,YoY_abs: 288; YoY_pct: 288
Massachusetts,2007,0,288,288,YoY_abs: 288; YoY_pct: 288
Massachusetts,2008,0,384,442,YoY_abs: 384; YoY_pct: 442
Massachusetts,2009,0,360,410,YoY_abs: 360; YoY_pct: 410
Massachusetts,2010,0,360,400,YoY_abs: 360; YoY_pct: 400
Massachusetts,2011,0,360,385,YoY_abs: 360; YoY_pct: 385
Massachusetts,2012,0,360,372,YoY_abs: 360; YoY_pct: 372
Massachusetts,2013,0,360,376,YoY_abs: 360; YoY_pct: 376
Massachusetts,2014,0,360,371,YoY_abs: 360; YoY_pct: 371
Massachusetts,2015,0,360,386,YoY_abs: 360; YoY_pct: 386
Massachusetts,2016,0,360,376,YoY_abs: 360; YoY_pct: 376
Massachusetts,2017,0,360,370,YoY_abs: 360; YoY_pct: 370
Massachusetts,2018,0,360,374,YoY_abs: 360; YoY_pct: 374
Massachusetts,2019,0,346,372,YoY_abs: 346; YoY_pct: 372
Massachusetts,2020,0,336,365,YoY_abs: 336; YoY_pct: 365
Massachusetts,2021,0,336,364,YoY_abs: 336; YoY_pct: 364
Massachusetts,2022,0,336,360,YoY_abs: 336; YoY_pct: 360
Massachusetts,2023,0,336,364,YoY_abs: 336; YoY_pct: 364
Massachusetts,2024,0,336,362,YoY_abs: 336; YoY_pct: 362
Massachusetts,2025,0,196,210,YoY_abs: 196; YoY_pct: 210
Michigan,2001,0,620,620,YoY_abs: 620; YoY_pct: 620
Michigan,2002,0,380,392,YoY_abs: 380; YoY_pct: 392
Michigan,2003,0,336,384,YoY_abs: 336; YoY_pct: 384
Michigan,2004,0,336,364,YoY_abs: 336; YoY_pct: 364
Michigan,2005,0,336,370,YoY_abs: 336; YoY_pct: 370
Michigan,2006,0,336,364,YoY_abs: 336; YoY_pct: 364
Michigan,2007,0,336,362,YoY_abs: 336; YoY_pct: 362
Michigan,2008,0,336,386,YoY_abs: 336; YoY_pct: 386
Michigan,2009,0,336,353,YoY_abs: 336; YoY_pct: 353
Michigan,2010,0,336,346,YoY_abs: 336; YoY_pct: 346
Michigan,2011,0,336,348,YoY_abs: 336; YoY_pct: 348
Michigan,2012,0,336,344,YoY_abs: 336; YoY_pct: 344
Michigan,2013,0,336,345,YoY_abs: 336; YoY_pct: 345
Michigan,2014,0,384,392,YoY_abs: 384; YoY_pct: 392
Michigan,2015,0,360,364,YoY_abs: 360; YoY_pct: 364
Michigan,2016,0,360,364,YoY_abs: 360; YoY_pct: 364
Michigan,2017,0,360,368,YoY_abs: 360; YoY_pct: 368
Michigan,2018,0,360,360,YoY_abs: 360; YoY_pct: 360
Michigan,2019,0,360,360,YoY_abs: 360; YoY_pct: 360
Michigan,2020,0,360,360,YoY_abs: 360; YoY_pct: 360
Michigan,2021,0,360,360,YoY_abs: 360; YoY_pct: 360
Michigan,2022,0,360,364,YoY_abs: 360; YoY_pct: 364
Michigan,2023,0,360,362,YoY_abs: 360; YoY_pct: 362
Michigan,2024,0,360,380,YoY_abs: 360; YoY_pct: 380
Michigan,2025,0,210,224,YoY_abs: 210; YoY_pct: 224
Minnesota,2001,0,708,708,YoY_abs: 708; YoY_pct: 708
Minnesota,2002,0,336,339,YoY_abs: 336; YoY_pct: 339
Minnesota,2003,0,336,338,YoY_abs: 336; YoY_pct: 338
Minnesota,2004,0,336,336,YoY_abs: 336; YoY_pct: 336
Minnesota,2005,0,336,336,YoY_abs: 336; YoY_pct: 336
Minnesota,2006,0,336,336,YoY_abs: 336; YoY_pct: 336
Minnesota,2007,0,336,339,YoY_abs: 336; YoY_pct: 339
Minnesota,2008,0,336,336,YoY_abs: 336; YoY_pct: 336
Minnesota,2009,0,336,336,YoY_abs: 336; YoY_pct: 336
Minnesota,2010,0,336,336,YoY_abs: 336; YoY_pct: 336
Minnesota,2011,0,336,336,YoY_abs: 336; YoY_pct: 336
Minnesota,2012,0,384,384,YoY_abs: 384; YoY_pct: 384
Minnesota,2013,0,360,384,YoY_abs: 360; YoY_pct: 384
Minnesota,2014,0,360,361,YoY_abs: 360; YoY_pct: 361
Minnesota,2015,0,360,360,YoY_abs: 360; YoY_pct: 360
Minnesota,2016,0,360,360,YoY_abs: 360; YoY_pct: 360
Minnesota,2017,0,360,360,YoY_abs: 360; YoY_pct: 360
Minnesota,2018,0,360,360,YoY_abs: 360; YoY_pct: 360
Minnesota,2019,0,360,360,YoY_abs: 360; YoY_pct: 360
Minnesota,2020,0,360,360,YoY_abs: 360; YoY_pct: 360
Minnesota,2021,0,360,360,YoY_abs: 360; YoY_pct: 360
Minnesota,2022,0,360,360,YoY_abs: 360; YoY_pct: 360
Minnesota,2023,0,360,360,YoY_abs: 360; YoY_pct: 360
Minnesota,2024,0,360,360,YoY_abs: 360; YoY_pct: 360
Minnesota,2025,0,210,210,YoY_abs: 210; YoY_pct: 210
Mississippi,2001,0,540,540,YoY_abs: 540; YoY_pct: 540
Mississippi,2002,0,276,288,YoY_abs: 276; YoY_pct: 288
Mississippi,2003,0,264,288,YoY_abs: 264; YoY_pct: 288
Mississippi,2004,0,264,265,YoY_abs: 264; YoY_pct: 265
Mississippi,2005,0,264,265,YoY_abs: 264; YoY_pct: 265
Mississippi,2006,0,264,264,YoY_abs: 264; YoY_pct: 264
Mississippi,2007,0,264,264,YoY_abs: 264; YoY_pct: 264
Mississippi,2008,0,264,265,YoY_abs: 264; YoY_pct: 265
Mississippi,2009,0,264,276,YoY_abs: 264; YoY_pct: 276
Mississippi,2010,0,264,265,YoY_abs: 264; YoY_pct: 265
Mississippi,2011,0,264,273,YoY_abs: 264; YoY_pct: 273
Mississippi,2012,0,264,269,YoY_abs: 264; YoY_pct: 269
Mississippi,2013,0,264,270,YoY_abs: 264; YoY_pct: 270
Mississippi,2014,0,360,366,YoY_abs: 360; YoY_pct: 366
Mississippi,2015,0,312,315,YoY_abs: 312; YoY_pct: 315
Mississippi,2016,0,312,326,YoY_abs: 312; YoY_pct: 326
Mississippi,2017,0,312,326,YoY_abs: 312; YoY_pct: 326
Mississippi,2018,0,312,322,YoY_abs: 312; YoY_pct: 322
Mississippi,2019,0,312,319,YoY_abs: 312; YoY_pct: 319
Mississippi,2020,0,312,314,YoY_abs: 312; YoY_pct: 314
Mississippi,2021,0,312,319,YoY_abs: 312; YoY_pct: 319
Mississippi,2022,0,312,324,YoY_abs: 312; YoY_pct: 324
Mississippi,2023,0,312,333,YoY_abs: 312; YoY_pct: 333
Mississippi,2024,0,348,366,YoY_abs: 348; YoY_pct: 366
Mississippi,2025,0,202,208,YoY_abs: 202; YoY_pct: 208
Missouri,2001,0,612,612,YoY_abs: 612; YoY_pct: 612
Missouri,2002,0,288,294,YoY_abs: 288; YoY_pct: 294
Missouri,2003,0,288,288,YoY_abs: 288; YoY_pct: 288
Missouri,2004,0,288,288,YoY_abs: 288; YoY_pct: 288
Missouri,2005,0,288,290,YoY_abs: 288; YoY_pct: 290
Missouri,2006,0,288,291,YoY_abs: 288; YoY_pct: 291
Missouri,2007,0,288,288,YoY_abs: 288; YoY_pct: 288
Missouri,2008,0,384,384,YoY_abs: 384; YoY_pct: 384
Missouri,2009,0,336,336,YoY_abs: 336; YoY_pct: 336
Missouri,2010,0,336,336,YoY_abs: 336; YoY_pct: 336
Missouri,2011,0,336,338,YoY_abs: 336; YoY_pct: 338
Missouri,2012,0,336,336,YoY_abs: 336; YoY_pct: 336
Missouri,2013,0,336,336,YoY_abs: 336; YoY_pct: 336
Missouri,2014,0,384,384,YoY_abs: 384; YoY_pct: 384
Missouri,2015,0,360,360,YoY_abs: 360; YoY_pct: 360
Missouri,2016,0,360,360,YoY_abs: 360; YoY_pct: 360
Missouri,2017,0,360,360,YoY_abs: 360; YoY_pct: 360
Missouri,2018,0,360,362,YoY_abs: 360; YoY_pct: 362
Missouri,2019,0,360,360,YoY_abs: 360; YoY_pct: 360
Missouri,2020,0,360,362,YoY_abs: 360; YoY_pct: 362
Missouri,2021,0,360,368,YoY_abs: 360; YoY_pct: 368
Missouri,2022,0,360,374,YoY_abs: 360; YoY_pct: 374
Missouri,2023,0,360,360,YoY_abs: 360; YoY_pct: 360
Missouri,2024,0,360,366,YoY_abs: 360; YoY_pct: 366
Missouri,2025,0,210,212,YoY_abs: 210; YoY_pct: 212
Montana,2001,0,516,516,YoY_abs: 516; YoY_pct: 516
Montana,2002,0,240,240,YoY_abs: 240; YoY_pct: 240
Montana,2003,0,240,240,YoY_abs: 240; YoY_pct: 240
Montana,2004,0,240,240,YoY_abs: 240; YoY_pct: 240
Montana,2005,0,240,240,YoY_abs: 240; YoY_pct: 240
Montana,2006,0,336,336,YoY_abs: 336; YoY_pct: 336
Montana,2007,0,288,288,YoY_abs: 288; YoY_pct: 288
Montana,2008,0,288,288,YoY_abs: 288; YoY_pct: 288
Montana,2009,0,288,288,YoY_abs: 288; YoY_pct: 288
Montana,2010,0,288,290,YoY_abs: 288; YoY_pct: 290
Montana,2011,0,264,276,YoY_abs: 264; YoY_pct: 276
Montana,2012,0,264,264,YoY_abs: 264; YoY_pct: 264
Montana,2013,0,288,288,YoY_abs: 288; YoY_pct: 288
Montana,2014,0,336,354,YoY_abs: 336; YoY_pct: 354
Montana,2015,0,312,312,YoY_abs: 312; YoY_pct: 312
Montana,2016,0,312,312,YoY_abs: 312; YoY_pct: 312
Montana,2017,0,312,312,YoY_abs: 312; YoY_pct: 312
Montana,2018,0,312,312,YoY_abs: 312; YoY_pct: 312
Montana,2019,0,312,312,YoY_abs: 312; YoY_pct: 312
Montana,2020,0,312,312,YoY_abs: 312; YoY_pct: 312
Montana,2021,0,312,312,YoY_abs: 312; YoY_pct: 312
Montana,2022,0,312,312,YoY_abs: 312; YoY_pct: 312
Montana,2023,0,312,312,YoY_abs: 312; YoY_pct: 312
Montana,2024,0,312,316,YoY_abs: 312; YoY_pct: 316
Montana,2025,0,182,190,YoY_abs: 182; YoY_pct: 190
Nebraska,2001,0,708,708,YoY_abs: 708; YoY_pct: 708
Nebraska,2002,0,336,360,YoY_abs: 336; YoY_pct: 360
Nebraska,2003,0,336,338,YoY_abs: 336; YoY_pct: 338
Nebraska,2004,0,336,336,YoY_abs: 336; YoY_pct: 336
Nebraska,2005,0,336,336,YoY_abs: 336; YoY_pct: 336
Nebraska,2006,0,336,336,YoY_abs: 336; YoY_pct: 336
Nebraska,2007,0,336,336,YoY_abs: 336; YoY_pct: 336
Nebraska,2008,0,336,340,YoY_abs: 336; YoY_pct: 340
Nebraska,2009,0,336,336,YoY_abs: 336; YoY_pct: 336
Nebraska,2010,0,336,336,YoY_abs: 336; YoY_pct: 336
Nebraska,2011,0,336,336,YoY_abs: 336; YoY_pct: 336
Nebraska,2012,0,336,336,YoY_abs: 336; YoY_pct: 336
Nebraska,2013,0,336,336,YoY_abs: 336; YoY_pct: 336
Nebraska,2014,0,384,384,YoY_abs: 384; YoY_pct: 384
Nebraska,2015,0,360,368,YoY_abs: 360; YoY_pct: 368
Nebraska,2016,0,360,366,YoY_abs: 360; YoY_pct: 366
Nebraska,2017,0,360,384,YoY_abs: 360; YoY_pct: 384
Nebraska,2018,0,360,360,YoY_abs: 360; YoY_pct: 360
Nebraska,2019,0,360,362,YoY_abs: 360; YoY_pct: 362
Nebraska,2020,0,360,360,YoY_abs: 360; YoY_pct: 360
Nebraska,2021,0,360,360,YoY_abs: 360; YoY_pct: 360
Nebraska,2022,0,360,360,YoY_abs: 360; YoY_pct: 360
Nebraska,2023,0,360,360,YoY_abs: 360; YoY_pct: 360
Nebraska,2024,0,360,370,YoY_abs: 360; YoY_pct: 370
Nebraska,2025,0,210,218,YoY_abs: 210; YoY_pct: 218
Nevada,2001,0,516,516,YoY_abs: 516; YoY_pct: 516
Nevada,2002,0,240,240,YoY_abs: 240; YoY_pct: 240
Nevada,2003,0,240,240,YoY_abs: 240; YoY_pct: 240
Nevada,2004,0,240,240,YoY_abs: 240; YoY_pct: 240
Nevada,2005,0,240,240,YoY_abs: 240; YoY_pct: 240
Nevada,2006,0,240,240,YoY_abs: 240; YoY_pct: 240
Nevada,2007,0,336,336,YoY_abs: 336; YoY_pct: 336
Nevada,2008,0,288,308,YoY_abs: 288; YoY_pct: 308
Nevada,2009,0,300,300,YoY_abs: 300; YoY_pct: 300
Nevada,2010,0,330,330,YoY_abs: 330; YoY_pct: 330
Nevada,2011,0,312,336,YoY_abs: 312; YoY_pct: 336
Nevada,2012,0,336,360,YoY_abs: 336; YoY_pct: 360
Nevada,2013,0,348,352,YoY_abs: 348; YoY_pct: 352
Nevada,2014,0,336,336,YoY_abs: 336; YoY_pct: 336
Nevada,2015,0,336,336,YoY_abs: 336; YoY_pct: 336
Nevada,2016,0,336,336,YoY_abs: 336; YoY_pct: 336
Nevada,2017,0,336,336,YoY_abs: 336; YoY_pct: 336
Nevada,2018,0,336,336,YoY_abs: 336; YoY_pct: 336
Nevada,2019,0,336,336,YoY_abs: 336; YoY_pct: 336
Nevada,2020,0,336,336,YoY_abs: 336; YoY_pct: 336
Nevada,2021,0,336,336,YoY_abs: 336; YoY_pct: 336
Nevada,2022,0,336,336,YoY_abs: 336; YoY_pct: 336
Nevada,2023,0,336,336,YoY_abs: 336; YoY_pct: 336
Nevada,2024,0,336,352,YoY_abs: 336; YoY_pct: 352
Nevada,2025,0,196,216,YoY_abs: 196; YoY_pct: 216
New Hampshire,2001,0,564,564,YoY_abs: 564; YoY_pct: 564
New Hampshire,2002,0,264,264,YoY_abs: 264; YoY_pct: 264
New Hampshire,2003,0,264,264,YoY_abs: 264; YoY_pct: 264
New Hampshire,2004,0,264,264,YoY_abs: 264; YoY_pct: 264
New Hampshire,2005,0,264,264,YoY_abs: 264; YoY_pct: 264
New Hampshire,2006,0,264,266,YoY_abs: 264; YoY_pct: 266
New Hampshire,2007,0,264,266,YoY_abs: 264; YoY_pct: 266
New Hampshire,2008,0,360,360,YoY_abs: 360; YoY_pct: 360
New Hampshire,2009,0,312,358,YoY_abs: 312; YoY_pct: 358
New Hampshire,2010,0,356,358,YoY_abs: 356; YoY_pct: 358
New Hampshire,2011,0,338,355,YoY_abs: 338; YoY_pct: 355
New Hampshire,2012,0,336,354,YoY_abs: 336; YoY_pct: 354
New Hampshire,2013,0,336,349,YoY_abs: 336; YoY_pct: 349
New Hampshire,2014,0,384,396,YoY_abs: 384; YoY_pct: 396
New Hampshire,2015,0,360,372,YoY_abs: 360; YoY_pct: 372
New Hampshire,2016,0,360,373,YoY_abs: 360; YoY_pct: 373
New Hampshire,2017,0,360,376,YoY_abs: 360; YoY_pct: 376
New Hampshire,2018,0,360,372,YoY_abs: 360; YoY_pct: 372
New Hampshire,2019,0,360,381,YoY_abs: 360; YoY_pct: 381
New Hampshire,2020,0,360,384,YoY_abs: 360; YoY_pct: 384
New Hampshire,2021,0,360,394,YoY_abs: 360; YoY_pct: 394
New Hampshire,2022,0,360,394,YoY_abs: 360; YoY_pct: 394
New Hampshire,2023,0,360,394,YoY_abs: 360; YoY_pct: 394
New Hampshire,2024,0,360,406,YoY_abs: 360; YoY_pct: 406
New Hampshire,2025,0,210,232,YoY_abs: 210; YoY_pct: 232
New Jersey,2001,0,612,612,YoY_abs: 612; YoY_pct: 612
New Jersey,2002,0,288,312,YoY_abs: 288; YoY_pct: 312
New Jersey,2003,0,288,312,YoY_abs: 288; YoY_pct: 312
New Jersey,2004,0,288,310,YoY_abs: 288; YoY_pct: 310
New Jersey,2005,0,288,312,YoY_abs: 288; YoY_pct: 312
New Jersey,2006,0,384,408,YoY_abs: 384; YoY_pct: 408
New Jersey,2007,0,336,368,YoY_abs: 336; YoY_pct: 368
New Jersey,2008,0,384,423,YoY_abs: 384; YoY_pct: 423
New Jersey,2009,0,360,387,YoY_abs: 360; YoY_pct: 387
New Jersey,2010,0,360,385,YoY_abs: 360; YoY_pct: 385
New Jersey,2011,0,360,408,YoY_abs: 360; YoY_pct: 408
New Jersey,2012,0,360,408,YoY_abs: 360; YoY_pct: 408
New Jersey,2013,0,360,384,YoY_abs: 360; YoY_pct: 384
New Jersey,2014,0,360,385,YoY_abs: 360; YoY_pct: 385
New Jersey,2015,0,360,384,YoY_abs: 360; YoY_pct: 384
New Jersey,2016,0,360,384,YoY_abs: 360; YoY_pct: 384
New Jersey,2017,0,360,384,YoY_abs: 360; YoY_pct: 384
New Jersey,2018,0,360,384,YoY_abs: 360; YoY_pct: 384
New Jersey,2019,0,360,378,YoY_abs: 360; YoY_pct: 378
New Jersey,2020,0,360,378,YoY_abs: 360; YoY_pct: 378
New Jersey,2021,0,360,382,YoY_abs: 360; YoY_pct: 382
New Jersey,2022,0,360,384,YoY_abs: 360; YoY_pct: 384
New Jersey,2023,0,360,396,YoY_abs: 360; YoY_pct: 396
New Jersey,2024,0,360,409,YoY_abs: 360; YoY_pct: 409
New Jersey,2025,0,210,240,YoY_abs: 210; YoY_pct: 240
New Mexico,2001,0,564,564,YoY_abs: 564; YoY_pct: 564
New Mexico,2002,0,264,264,YoY_abs: 264; YoY_pct: 264
New Mexico,2003,0,296,296,YoY_abs: 296; YoY_pct: 296
New Mexico,2004,0,344,392,YoY_abs: 344; YoY_pct: 392
New Mexico,2005,0,312,360,YoY_abs: 312; YoY_pct: 360
New Mexico,2006,0,312,312,YoY_abs: 312; YoY_pct: 312
New Mexico,2007,0,312,312,YoY_abs: 312; YoY_pct: 312
New Mexico,2008,0,312,312,YoY_abs: 312; YoY_pct: 312
New Mexico,2009,0,312,312,YoY_abs: 312; YoY_pct: 312
New Mexico,2010,0,324,324,YoY_abs: 324; YoY_pct: 324
New Mexico,2011,0,354,354,YoY_abs: 354; YoY_pct: 354
New Mexico,2012,0,336,336,YoY_abs: 336; YoY_pct: 336
New Mexico,2013,0,336,336,YoY_abs: 336; YoY_pct: 336
New Mexico,2014,0,336,336,YoY_abs: 336; YoY_pct: 336
New Mexico,2015,0,336,336,YoY_abs: 336; YoY_pct: 336
New Mexico,2016,0,336,336,YoY_abs: 336; YoY_pct: 336
New Mexico,2017,0,336,336,YoY_abs: 336; YoY_pct: 336
New Mexico,2018,0,336,336,YoY_abs: 336; YoY_pct: 336
New Mexico,2019,0,336,336,YoY_abs: 336; YoY_pct: 336
New Mexico,2020,0,336,336,YoY_abs: 336; YoY_pct: 336
New Mexico,2021,0,336,336,YoY_abs: 336; YoY_pct: 336
New Mexico,2022,0,336,344,YoY_abs: 336; YoY_pct: 344
New Mexico,2023,0,336,336,YoY_abs: 336; YoY_pct: 336
New Mexico,2024,0,336,394,YoY_abs: 336; YoY_pct: 394
New Mexico,2025,0,196,230,YoY_abs: 196; YoY_pct: 230
New York,2001,0,660,660,YoY_abs: 660; YoY_pct: 660
New York,2002,0,312,312,YoY_abs: 312; YoY_pct: 312
New York,2003,0,332,332,YoY_abs: 332; YoY_pct: 332
New York,2004,0,350,360,YoY_abs: 350; YoY_pct: 360
New York,2005,0,336,336,YoY_abs: 336; YoY_pct: 336
New York,2006,0,336,336,YoY_abs: 336; YoY_pct: 336
New York,2007,0,336,336,YoY_abs: 336; YoY_pct: 336
New York,2008,0,312,312,YoY_abs: 312; YoY_pct: 312
New York,2009,0,312,312,YoY_abs: 312; YoY_pct: 312
New York,2010,0,312,312,YoY_abs: 312; YoY_pct: 312
New York,2011,0,320,320,YoY_abs: 320; YoY_pct: 320
New York,2012,0,380,382,YoY_abs: 380; YoY_pct: 382
New York,2013,0,360,384,YoY_abs: 360; YoY_pct: 384
New York,2014,0,360,360,YoY_abs: 360; YoY_pct: 360
New York,2015,0,360,360,YoY_abs: 360; YoY_pct: 360
New York,2016,0,360,360,YoY_abs: 360; YoY_pct: 360
New York,2017,0,360,360,YoY_abs: 360; YoY_pct: 360
New York,2018,0,360,360,YoY_abs: 360; YoY_pct: 360
New York,2019,0,360,362,YoY_abs: 360; YoY_pct: 362
New York,2020,0,360,382,YoY_abs: 360; YoY_pct: 382
New York,2021,0,360,402,YoY_abs: 360; YoY_pct: 402
New York,2022,0,360,396,YoY_abs: 360; YoY_pct: 396
New York,2023,0,360,408,YoY_abs: 360; YoY_pct: 408
New York,2024,0,360,408,YoY_abs: 360; YoY_pct: 408
New York,2025,0,210,238,YoY_abs: 210; YoY_pct: 238
North Carolina,2001,0,596,596,YoY_abs: 596; YoY_pct: 596
North Carolina,2002,0,296,296,YoY_abs: 296; YoY_pct: 296
North Carolina,2003,0,288,288,YoY_abs: 288; YoY_pct: 288
North Carolina,2004,0,288,288,YoY_abs: 288; YoY_pct: 288
North Carolina,2005,0,288,288,YoY_abs: 288; YoY_pct: 288
North Carolina,2006,0,288,288,YoY_abs: 288; YoY_pct: 288
North Carolina,2007,0,288,293,YoY_abs: 288; YoY_pct: 293
North Carolina,2008,0,384,395,YoY_abs: 384; YoY_pct: 395
North Carolina,2009,0,336,382,YoY_abs: 336; YoY_pct: 382
North Carolina,2010,0,336,340,YoY_abs: 336; YoY_pct: 340
North Carolina,2011,0,336,338,YoY_abs: 336; YoY_pct: 338
North Carolina,2012,0,336,336,YoY_abs: 336; YoY_pct: 336
North Carolina,2013,0,336,336,YoY_abs: 336; YoY_pct: 336
North Carolina,2014,0,336,336,YoY_abs: 336; YoY_pct: 336
North Carolina,2015,0,336,336,YoY_abs: 336; YoY_pct: 336
North Carolina,2016,0,340,340,YoY_abs: 340; YoY_pct: 340
North Carolina,2017,0,382,382,YoY_abs: 382; YoY_pct: 382
North Carolina,2018,0,360,360,YoY_abs: 360; YoY_pct: 360
North Carolina,2019,0,360,360,YoY_abs: 360; YoY_pct: 360
North Carolina,2020,0,360,360,YoY_abs: 360; YoY_pct: 360
North Carolina,2021,0,360,360,YoY_abs: 360; YoY_pct: 360
North Carolina,2022,0,360,360,YoY_abs: 360; YoY_pct: 360
North Carolina,2023,0,360,360,YoY_abs: 360; YoY_pct: 360
North Carolina,2024,0,360,360,YoY_abs: 360; YoY_pct: 360
North Carolina,2025,0,210,210,YoY_abs: 210; YoY_pct: 210
North Dakota,2001,0,564,564,YoY_abs: 564; YoY_pct: 564
North Dakota,2002,0,264,264,YoY_abs: 264; YoY_pct: 264
North Dakota,2003,0,360,397,YoY_abs: 360; YoY_pct: 397
North Dakota,2004,0,312,328,YoY_abs: 312; YoY_pct: 328
North Dakota,2005,0,312,312,YoY_abs: 312; YoY_pct: 312
North Dakota,2006,0,312,312,YoY_abs: 312; YoY_pct: 312
North Dakota,2007,0,312,312,YoY_abs: 312; YoY_pct: 312
North Dakota,2008,0,312,312,YoY_abs: 312; YoY_pct: 312
North Dakota,2009,0,312,335,YoY_abs: 312; YoY_pct: 335
North Dakota,2010,0,312,312,YoY_abs: 312; YoY_pct: 312
North Dakota,2011,0,312,312,YoY_abs: 312; YoY_pct: 312
North Dakota,2012,0,312,312,YoY_abs: 312; YoY_pct: 312
North Dakota,2013,0,312,312,YoY_abs: 312; YoY_pct: 312
North Dakota,2014,0,360,360,YoY_abs: 360; YoY_pct: 360
North Dakota,2015,0,336,348,YoY_abs: 336; YoY_pct: 348
North Dakota,2016,0,336,348,YoY_abs: 336; YoY_pct: 348
North Dakota,2017,0,336,348,YoY_abs: 336; YoY_pct: 348
North Dakota,2018,0,336,348,YoY_abs: 336; YoY_pct: 348
North Dakota,2019,0,336,360,YoY_abs: 336; YoY_pct: 360
North Dakota,2020,0,336,372,YoY_abs: 336; YoY_pct: 372
North Dakota,2021,0,336,360,YoY_abs: 336; YoY_pct: 360
North Dakota,2022,0,336,342,YoY_abs: 336; YoY_pct: 342
North Dakota,2023,0,336,388,YoY_abs: 336; YoY_pct: 388
North Dakota,2024,0,336,386,YoY_abs: 336; YoY_pct: 386
North Dakota,2025,0,196,232,YoY_abs: 196; YoY_pct: 232
Ohio,2001,0,564,564,YoY_abs: 564; YoY_pct: 564
Ohio,2002,0,276,276,YoY_abs: 276; YoY_pct: 276
Ohio,2003,0,330,330,YoY_abs: 330; YoY_pct: 330
Ohio,2004,0,288,290,YoY_abs: 288; YoY_pct: 290
Ohio,2005,0,372,384,YoY_abs: 372; YoY_pct: 384
Ohio,2006,0,336,336,YoY_abs: 336; YoY_pct: 336
Ohio,2007,0,336,336,YoY_abs: 336; YoY_pct: 336
Ohio,2008,0,336,336,YoY_abs: 336; YoY_pct: 336
Ohio,2009,0,336,336,YoY_abs: 336; YoY_pct: 336
Ohio,2010,0,384,384,YoY_abs: 384; YoY_pct: 384
Ohio,2011,0,360,364,YoY_abs: 360; YoY_pct: 364
Ohio,2012,0,360,360,YoY_abs: 360; YoY_pct: 360
Ohio,2013,0,360,360,YoY_abs: 360; YoY_pct: 360
Ohio,2014,0,360,360,YoY_abs: 360; YoY_pct: 360
Ohio,2015,0,360,360,YoY_abs: 360; YoY_pct: 360
Ohio,2016,0,360,360,YoY_abs: 360; YoY_pct: 360
Ohio,2017,0,360,360,YoY_abs: 360; YoY_pct: 360
Ohio,2018,0,360,360,YoY_abs: 360; YoY_pct: 360
Ohio,2019,0,360,360,YoY_abs: 360; YoY_pct: 360
Ohio,2020,0,360,360,YoY_abs: 360; YoY_pct: 360
Ohio,2021,0,360,360,YoY_abs: 360; YoY_pct: 360
Ohio,2022,0,360,360,YoY_abs: 360; YoY_pct: 360
Ohio,2023,0,360,360,YoY_abs: 360; YoY_pct: 360
Ohio,2024,0,360,362,YoY_abs: 360; YoY_pct: 362
Ohio,2025,0,210,212,YoY_abs: 210; YoY_pct: 212
Oklahoma,2001,0,516,516,YoY_abs: 516; YoY_pct: 516
Oklahoma,2002,0,240,240,YoY_abs: 240; YoY_pct: 240
Oklahoma,2003,0,264,264,YoY_abs: 264; YoY_pct: 264
Oklahoma,2004,0,324,332,YoY_abs: 324; YoY_pct: 332
Oklahoma,2005,0,288,288,YoY_abs: 288; YoY_pct: 288
Oklahoma,2006,0,288,288,YoY_abs: 288; YoY_pct: 288
Oklahoma,2007,0,288,288,YoY_abs: 288; YoY_pct: 288
Oklahoma,2008,0,332,332,YoY_abs: 332; YoY_pct: 332
Oklahoma,2009,0,314,314,YoY_abs: 314; YoY_pct: 314
Oklahoma,2010,0,312,312,YoY_abs: 312; YoY_pct: 312
Oklahoma,2011,0,312,312,YoY_abs: 312; YoY_pct: 312
Oklahoma,2012,0,312,312,YoY_abs: 312; YoY_pct: 312
Oklahoma,2013,0,312,315,YoY_abs: 312; YoY_pct: 315
Oklahoma,2014,0,360,362,YoY_abs: 360; YoY_pct: 362
Oklahoma,2015,0,336,338,YoY_abs: 336; YoY_pct: 338
Oklahoma,2016,0,336,336,YoY_abs: 336; YoY_pct: 336
Oklahoma,2017,0,336,336,YoY_abs: 336; YoY_pct: 336
Oklahoma,2018,0,336,339,YoY_abs: 336; YoY_pct: 339
Oklahoma,2019,0,336,336,YoY_abs: 336; YoY_pct: 336
Oklahoma,2020,0,336,336,YoY_abs: 336; YoY_pct: 336
Oklahoma,2021,0,336,336,YoY_abs: 336; YoY_pct: 336
Oklahoma,2022,0,336,336,YoY_abs: 336; YoY_pct: 336
Oklahoma,2023,0,336,336,YoY_abs: 336; YoY_pct: 336
Oklahoma,2024,0,336,340,YoY_abs: 336; YoY_pct: 340
Oklahoma,2025,0,196,196,YoY_abs: 196; YoY_pct: 196
Oregon,2001,0,660,660,YoY_abs: 660; YoY_pct: 660
Oregon,2002,0,312,336,YoY_abs: 312; YoY_pct: 336
Oregon,2003,0,312,338,YoY_abs: 312; YoY_pct: 338
Oregon,2004,0,312,312,YoY_abs: 312; YoY_pct: 312
Oregon,2005,0,312,316,YoY_abs: 312; YoY_pct: 316
Oregon,2006,0,312,316,YoY_abs: 312; YoY_pct: 316
Oregon,2007,0,312,320,YoY_abs: 312; YoY_pct: 320
Oregon,2008,0,288,288,YoY_abs: 288; YoY_pct: 288
Oregon,2009,0,288,290,YoY_abs: 288; YoY_pct: 290
Oregon,2010,0,288,292,YoY_abs: 288; YoY_pct: 292
Oregon,2011,0,336,336,YoY_abs: 336; YoY_pct: 336
Oregon,2012,0,316,339,YoY_abs: 316; YoY_pct: 339
Oregon,2013,0,336,345,YoY_abs: 336; YoY_pct: 345
Oregon,2014,0,336,336,YoY_abs: 336; YoY_pct: 336
Oregon,2015,0,336,336,YoY_abs: 336; YoY_pct: 336
Oregon,2016,0,336,344,YoY_abs: 336; YoY_pct: 344
Oregon,2017,0,336,346,YoY_abs: 336; YoY_pct: 346
Oregon,2018,0,336,346,YoY_abs: 336; YoY_pct: 346
Oregon,2019,0,336,346,YoY_abs: 336; YoY_pct: 346
Oregon,2020,0,336,342,YoY_abs: 336; YoY_pct: 342
Oregon,2021,0,312,312,YoY_abs: 312; YoY_pct: 312
Oregon,2022,0,312,312,YoY_abs: 312; YoY_pct: 312
Oregon,2023,0,312,312,YoY_abs: 312; YoY_pct: 312
Oregon,2024,0,312,312,YoY_abs: 312; YoY_pct: 312
Oregon,2025,0,182,182,YoY_abs: 182; YoY_pct: 182
Pennsylvania,2001,0,708,708,YoY_abs: 708; YoY_pct: 708
Pennsylvania,2002,0,336,349,YoY_abs: 336; YoY_pct: 349
Pennsylvania,2003,0,336,337,YoY_abs: 336; YoY_pct: 337
Pennsylvania,2004,0,336,336,YoY_abs: 336; YoY_pct: 336
Pennsylvania,2005,0,336,336,YoY_abs: 336; YoY_pct: 336
Pennsylvania,2006,0,336,336,YoY_abs: 336; YoY_pct: 336
Pennsylvania,2007,0,336,336,YoY_abs: 336; YoY_pct: 336
Pennsylvania,2008,0,384,388,YoY_abs: 384; YoY_pct: 388
Pennsylvania,2009,0,360,379,YoY_abs: 360; YoY_pct: 379
Pennsylvania,2010,0,360,363,YoY_abs: 360; YoY_pct: 363
Pennsylvania,2011,0,360,364,YoY_abs: 360; YoY_pct: 364
Pennsylvania,2012,0,360,361,YoY_abs: 360; YoY_pct: 361
Pennsylvania,2013,0,360,361,YoY_abs: 360; YoY_pct: 361
Pennsylvania,2014,0,360,360,YoY_abs: 360; YoY_pct: 360
Pennsylvania,2015,0,360,360,YoY_abs: 360; YoY_pct: 360
Pennsylvania,2016,0,360,360,YoY_abs: 360; YoY_pct: 360
Pennsylvania,2017,0,360,364,YoY_abs: 360; YoY_pct: 364
Pennsylvania,2018,0,360,360,YoY_abs: 360; YoY_pct: 360
Pennsylvania,2019,0,360,360,YoY_abs: 360; YoY_pct: 360
Pennsylvania,2020,0,360,360,YoY_abs: 360; YoY_pct: 360
Pennsylvania,2021,0,360,360,YoY_abs: 360; YoY_pct: 360
Pennsylvania,2022,0,360,360,YoY_abs: 360; YoY_pct: 360
Pennsylvania,2023,0,360,360,YoY_abs: 360; YoY_pct: 360
Pennsylvania,2024,0,360,360,YoY_abs: 360; YoY_pct: 360
Pennsylvania,2025,0,210,210,YoY_abs: 210; YoY_pct: 210
Puerto Rico,2016,159,624,624,Value: 159; YoY_abs: 624; YoY_pct: 624
Puerto Rico,2017,0,342,660,YoY_abs: 342; YoY_pct: 660
Puerto Rico,2018,0,312,394,YoY_abs: 312; YoY_pct: 394
Puerto Rico,2019,0,312,397,YoY_abs: 312; YoY_pct: 397
Puerto Rico,2020,0,312,384,YoY_abs: 312; YoY_pct: 384
Puerto Rico,2021,0,312,384,YoY_abs: 312; YoY_pct: 384
Puerto Rico,2022,0,312,384,YoY_abs: 312; YoY_pct: 384
Puerto Rico,2023,0,312,384,YoY_abs: 312; YoY_pct: 384
Puerto Rico,2024,0,312,384,YoY_abs: 312; YoY_pct: 384
Puerto Rico,2025,0,182,224,YoY_abs: 182; YoY_pct: 224
Rhode Island,2001,0,468,468,YoY_abs: 468; YoY_pct: 468
Rhode Island,2002,0,216,219,YoY_abs: 216; YoY_pct: 219
Rhode Island,2003,0,216,216,YoY_abs: 216; YoY_pct: 216
Rhode Island,2004,0,216,216,YoY_abs: 216; YoY_pct: 216
Rhode Island,2005,0,216,216,YoY_abs: 216; YoY_pct: 216
Rhode Island,2006,0,216,240,YoY_abs: 216; YoY_pct: 240
Rhode Island,2007,0,216,216,YoY_abs: 216; YoY_pct: 216
Rhode Island,2008,0,216,216,YoY_abs: 216; YoY_pct: 216
Rhode Island,2009,0,216,216,YoY_abs: 216; YoY_pct: 216
Rhode Island,2010,0,312,312,YoY_abs: 312; YoY_pct: 312
Rhode Island,2011,0,264,292,YoY_abs: 264; YoY_pct: 292
Rhode Island,2012,0,264,288,YoY_abs: 264; YoY_pct: 288
Rhode Island,2013,0,296,320,YoY_abs: 296; YoY_pct: 320
Rhode Island,2014,0,344,380,YoY_abs: 344; YoY_pct: 380
Rhode Island,2015,0,312,355,YoY_abs: 312; YoY_pct: 355
Rhode Island,2016,0,312,357,YoY_abs: 312; YoY_pct: 357
Rhode Island,2017,0,336,368,YoY_abs: 336; YoY_pct: 368
Rhode Island,2018,0,348,399,YoY_abs: 348; YoY_pct: 399
Rhode Island,2019,0,336,392,YoY_abs: 336; YoY_pct: 392
Rhode Island,2020,0,336,387,YoY_abs: 336; YoY_pct: 387
Rhode Island,2021,0,336,401,YoY_abs: 336; YoY_pct: 401
Rhode Island,2022,0,336,365,YoY_abs: 336; YoY_pct: 365
Rhode Island,2023,0,336,376,YoY_abs: 336; YoY_pct: 376
Rhode Island,2024,0,336,430,YoY_abs: 336; YoY_pct: 430
Rhode Island,2025,0,196,250,YoY_abs: 196; YoY_pct: 250
South Carolina,2001,0,576,576,YoY_abs: 576; YoY_pct: 576
South Carolina,2002,0,280,288,YoY_abs: 280; YoY_pct: 288
South Carolina,2003,0,298,320,YoY_abs: 298; YoY_pct: 320
South Carolina,2004,0,288,312,YoY_abs: 288; YoY_pct: 312
South Carolina,2005,0,264,266,YoY_abs: 264; YoY_pct: 266
South Carolina,2006,0,264,264,YoY_abs: 264; YoY_pct: 264
South Carolina,2007,0,288,312,YoY_abs: 288; YoY_pct: 312
South Carolina,2008,0,288,326,YoY_abs: 288; YoY_pct: 326
South Carolina,2009,0,264,276,YoY_abs: 264; YoY_pct: 276
South Carolina,2010,0,264,268,YoY_abs: 264; YoY_pct: 268
South Carolina,2011,0,264,266,YoY_abs: 264; YoY_pct: 266
South Carolina,2012,0,264,268,YoY_abs: 264; YoY_pct: 268
South Carolina,2013,0,272,274,YoY_abs: 272; YoY_pct: 274
South Carolina,2014,0,356,356,YoY_abs: 356; YoY_pct: 356
South Carolina,2015,0,312,312,YoY_abs: 312; YoY_pct: 312
South Carolina,2016,0,312,314,YoY_abs: 312; YoY_pct: 314
South Carolina,2017,0,312,320,YoY_abs: 312; YoY_pct: 320
South Carolina,2018,0,312,316,YoY_abs: 312; YoY_pct: 316
South Carolina,2019,0,312,312,YoY_abs: 312; YoY_pct: 312
South Carolina,2020,0,312,312,YoY_abs: 312; YoY_pct: 312
South Carolina,2021,0,312,312,YoY_abs: 312; YoY_pct: 312
South Carolina,2022,0,312,312,YoY_abs: 312; YoY_pct: 312
South Carolina,2023,0,312,314,YoY_abs: 312; YoY_pct: 314
South Carolina,2024,0,312,312,YoY_abs: 312; YoY_pct: 312
South Carolina,2025,0,182,182,YoY_abs: 182; YoY_pct: 182
South Dakota,2001,0,564,564,YoY_abs: 564; YoY_pct: 564
South Dakota,2002,0,264,308,YoY_abs: 264; YoY_pct: 308
South Dakota,2003,0,264,274,YoY_abs: 264; YoY_pct: 274
South Dakota,2004,0,360,372,YoY_abs: 360; YoY_pct: 372
South Dakota,2005,0,264,264,YoY_abs: 264; YoY_pct: 264
South Dakota,2006,0,264,264,YoY_abs: 264; YoY_pct: 264
South Dakota,2007,0,264,264,YoY_abs: 264; YoY_pct: 264
South Dakota,2008,0,312,360,YoY_abs: 312; YoY_pct: 360
South Dakota,2009,0,312,323,YoY_abs: 312; YoY_pct: 323
South Dakota,2010,0,312,318,YoY_abs: 312; YoY_pct: 318
South Dakota,2011,0,312,378,YoY_abs: 312; YoY_pct: 378
South Dakota,2012,0,312,366,YoY_abs: 312; YoY_pct: 366
South Dakota,2013,0,312,364,YoY_abs: 312; YoY_pct: 364
South Dakota,2014,0,360,408,YoY_abs: 360; YoY_pct: 408
South Dakota,2015,0,336,396,YoY_abs: 336; YoY_pct: 396
South Dakota,2016,0,336,406,YoY_abs: 336; YoY_pct: 406
South Dakota,2017,0,336,394,YoY_abs: 336; YoY_pct: 394
South Dakota,2018,0,336,384,YoY_abs: 336; YoY_pct: 384
South Dakota,2019,0,336,387,YoY_abs: 336; YoY_pct: 387
South Dakota,2020,0,336,384,YoY_abs: 336; YoY_pct: 384
South Dakota,2021,0,336,360,YoY_abs: 336; YoY_pct: 360
South Dakota,2022,0,336,364,YoY_abs: 336; YoY_pct: 364
South Dakota,2023,0,336,362,YoY_abs: 336; YoY_pct: 362
South Dakota,2024,0,336,396,YoY_abs: 336; YoY_pct: 396
South Dakota,2025,0,196,242,YoY_abs: 196; YoY_pct: 242
Tennessee,2001,0,660,660,YoY_abs: 660; YoY_pct: 660
Tennessee,2002,0,328,376,YoY_abs: 328; YoY_pct: 376
Tennessee,2003,0,352,370,YoY_abs: 352; YoY_pct: 370
Tennessee,2004,0,336,356,YoY_abs: 336; YoY_pct: 356
Tennessee,2005,0,336,356,YoY_abs: 336; YoY_pct: 356
Tennessee,2006,0,336,356,YoY_abs: 336; YoY_pct: 356
Tennessee,2007,0,336,336,YoY_abs: 336; YoY_pct: 336
Tennessee,2008,0,336,336,YoY_abs: 336; YoY_pct: 336
Tennessee,2009,0,336,336,YoY_abs: 336; YoY_pct: 336
Tennessee,2010,0,336,336,YoY_abs: 336; YoY_pct: 336
Tennessee,2011,0,336,336,YoY_abs: 336; YoY_pct: 336
Tennessee,2012,0,384,384,YoY_abs: 384; YoY_pct: 384
Tennessee,2013,0,360,384,YoY_abs: 360; YoY_pct: 384
Tennessee,2014,0,360,360,YoY_abs: 360; YoY_pct: 360
Tennessee,2015,0,360,360,YoY_abs: 360; YoY_pct: 360
Tennessee,2016,0,360,360,YoY_abs: 360; YoY_pct: 360
Tennessee,2017,0,360,360,YoY_abs: 360; YoY_pct: 360
Tennessee,2018,0,360,360,YoY_abs: 360; YoY_pct: 360
Tennessee,2019,0,360,360,YoY_abs: 360; YoY_pct: 360
Tennessee,2020,0,360,360,YoY_abs: 360; YoY_pct: 360
Tennessee,2021,0,360,360,YoY_abs: 360; YoY_pct: 360
Tennessee,2022,0,360,362,YoY_abs: 360; YoY_pct: 362
Tennessee,2023,0,360,360,YoY_abs: 360; YoY_pct: 360
Tennessee,2024,0,360,384,YoY_abs: 360; YoY_pct: 384
Tennessee,2025,0,210,224,YoY_abs: 210; YoY_pct: 224
Texas,2001,0,708,708,YoY_abs: 708; YoY_pct: 708
Texas,2002,0,336,336,YoY_abs: 336; YoY_pct: 336
Texas,2003,0,336,336,YoY_abs: 336; YoY_pct: 336
Texas,2004,0,336,336,YoY_abs: 336; YoY_pct: 336
Texas,2005,0,336,336,YoY_abs: 336; YoY_pct: 336
Texas,2006,0,336,336,YoY_abs: 336; YoY_pct: 336
Texas,2007,0,336,336,YoY_abs: 336; YoY_pct: 336
Texas,2008,0,336,336,YoY_abs: 336; YoY_pct: 336
Texas,2009,0,336,336,YoY_abs: 336; YoY_pct: 336
Texas,2010,0,384,384,YoY_abs: 384; YoY_pct: 384
Texas,2011,0,360,380,YoY_abs: 360; YoY_pct: 380
Texas,2012,0,360,360,YoY_abs: 360; YoY_pct: 360
Texas,2013,0,360,360,YoY_abs: 360; YoY_pct: 360
Texas,2014,0,360,360,YoY_abs: 360; YoY_pct: 360
Texas,2015,0,360,360,YoY_abs: 360; YoY_pct: 360
Texas,2016,0,360,360,YoY_abs: 360; YoY_pct: 360
Texas,2017,0,360,360,YoY_abs: 360; YoY_pct: 360
Texas,2018,0,360,360,YoY_abs: 360; YoY_pct: 360
Texas,2019,0,360,360,YoY_abs: 360; YoY_pct: 360
Texas,2020,0,360,369,YoY_abs: 360; YoY_pct: 369
Texas,2021,0,360,360,YoY_abs: 360; YoY_pct: 360
Texas,2022,0,360,360,YoY_abs: 360; YoY_pct: 360
Texas,2023,0,360,360,YoY_abs: 360; YoY_pct: 360
Texas,2024,0,360,360,YoY_abs: 360; YoY_pct: 360
Texas,2025,0,210,214,YoY_abs: 210; YoY_pct: 214
US Total,2001,0,708,708,YoY_abs: 708; YoY_pct: 708
US Total,2002,0,336,336,YoY_abs: 336; YoY_pct: 336
US Total,2003,0,384,384,YoY_abs: 384; YoY_pct: 384
US Total,2004,0,360,360,YoY_abs: 360; YoY_pct: 360
US Total,2005,0,360,360,YoY_abs: 360; YoY_pct: 360
US Total,2006,0,360,360,YoY_abs: 360; YoY_pct: 360
US Total,2007,0,360,360,YoY_abs: 360; YoY_pct: 360
US Total,2008,0,360,360,YoY_abs: 360; YoY_pct: 360
US Total,2009,0,360,360,YoY_abs: 360; YoY_pct: 360
US Total,2010,0,360,360,YoY_abs: 360; YoY_pct: 360
US Total,2011,0,360,360,YoY_abs: 360; YoY_pct: 360
US Total,2012,0,360,360,YoY_abs: 360; YoY_pct: 360
US Total,2013,0,360,360,YoY_abs: 360; YoY_pct: 360
US Total,2014,0,360,360,YoY_abs: 360; YoY_pct: 360
US Total,2015,0,360,360,YoY_abs: 360; YoY_pct: 360
US Total,2016,0,360,360,YoY_abs: 360; YoY_pct: 360
US Total,2017,0,360,360,YoY_abs: 360; YoY_pct: 360
US Total,2018,0,360,360,YoY_abs: 360; YoY_pct: 360
US Total,2019,0,360,360,YoY_abs: 360; YoY_pct: 360
US Total,2020,0,360,360,YoY_abs: 360; YoY_pct: 360
US Total,2021,0,360,360,YoY_abs: 360; YoY_pct: 360
US Total,2022,0,360,360,YoY_abs: 360; YoY_pct: 360
US Total,2023,0,360,360,YoY_abs: 360; YoY_pct: 360
US Total,2024,0,360,360,YoY_abs: 360; YoY_pct: 360
US Total,2025,0,210,210,YoY_abs: 210; YoY_pct: 210
Utah,2001,0,564,564,YoY_abs: 564; YoY_pct: 564
Utah,2002,0,264,266,YoY_abs: 264; YoY_pct: 266
Utah,2003,0,264,264,YoY_abs: 264; YoY_pct: 264
Utah,2004,0,264,264,YoY_abs: 264; YoY_pct: 264
Utah,2005,0,264,264,YoY_abs: 264; YoY_pct: 264
Utah,2006,0,264,264,YoY_abs: 264; YoY_pct: 264
Utah,2007,0,264,264,YoY_abs: 264; YoY_pct: 264
Utah,2008,0,360,362,YoY_abs: 360; YoY_pct: 362
Utah,2009,0,312,336,YoY_abs: 312; YoY_pct: 336
Utah,2010,0,312,312,YoY_abs: 312; YoY_pct: 312
Utah,2011,0,312,312,YoY_abs: 312; YoY_pct: 312
Utah,2012,0,344,344,YoY_abs: 344; YoY_pct: 344
Utah,2013,0,344,344,YoY_abs: 344; YoY_pct: 344
Utah,2014,0,336,337,YoY_abs: 336; YoY_pct: 337
Utah,2015,0,336,336,YoY_abs: 336; YoY_pct: 336
Utah,2016,0,336,336,YoY_abs: 336; YoY_pct: 336
Utah,2017,0,336,336,YoY_abs: 336; YoY_pct: 336
Utah,2018,0,336,336,YoY_abs: 336; YoY_pct: 336
Utah,2019,0,336,336,YoY_abs: 336; YoY_pct: 336
Utah,2020,0,336,336,YoY_abs: 336; YoY_pct: 336
Utah,2021,0,336,336,YoY_abs: 336; YoY_pct: 336
Utah,2022,0,336,336,YoY_abs: 336; YoY_pct: 336
Utah,2023,0,336,336,YoY_abs: 336; YoY_pct: 336
Utah,2024,0,336,342,YoY_abs: 336; YoY_pct: 342
Utah,2025,0,196,206,YoY_abs: 196; YoY_pct: 206
Vermont,2001,0,612,612,YoY_abs: 612; YoY_pct: 612
Vermont,2002,0,288,288,YoY_abs: 288; YoY_pct: 288
Vermont,2003,0,288,294,YoY_abs: 288; YoY_pct: 294
Vermont,2004,0,288,288,YoY_abs: 288; YoY_pct: 288
Vermont,2005,0,288,294,YoY_abs: 288; YoY_pct: 294
Vermont,2006,0,288,289,YoY_abs: 288; YoY_pct: 289
Vermont,2007,0,288,292,YoY_abs: 288; YoY_pct: 292
Vermont,2008,0,288,289,YoY_abs: 288; YoY_pct: 289
Vermont,2009,0,288,290,YoY_abs: 288; YoY_pct: 290
Vermont,2010,0,288,292,YoY_abs: 288; YoY_pct: 292
Vermont,2011,0,336,336,YoY_abs: 336; YoY_pct: 336
Vermont,2012,0,312,325,YoY_abs: 312; YoY_pct: 325
Vermont,2013,0,312,324,YoY_abs: 312; YoY_pct: 324
Vermont,2014,0,312,312,YoY_abs: 312; YoY_pct: 312
Vermont,2015,0,288,288,YoY_abs: 288; YoY_pct: 288
Vermont,2016,0,288,292,YoY_abs: 288; YoY_pct: 292
Vermont,2017,0,288,288,YoY_abs: 288; YoY_pct: 288
Vermont,2018,0,288,288,YoY_abs: 288; YoY_pct: 288
Vermont,2019,0,288,292,YoY_abs: 288; YoY_pct: 292
Vermont,2020,0,288,313,YoY_abs: 288; YoY_pct: 313
Vermont,2021,0,288,326,YoY_abs: 288; YoY_pct: 326
Vermont,2022,0,288,290,YoY_abs: 288; YoY_pct: 290
Vermont,2023,0,288,290,YoY_abs: 288; YoY_pct: 290
Vermont,2024,0,288,301,YoY_abs: 288; YoY_pct: 301
Vermont,2025,0,168,173,YoY_abs: 168; YoY_pct: 173
Virginia,2001,0,612,612,YoY_abs: 612; YoY_pct: 612
Virginia,2002,0,288,317,YoY_abs: 288; YoY_pct: 317
Virginia,2003,0,288,324,YoY_abs: 288; YoY_pct: 324
Virginia,2004,0,288,292,YoY_abs: 288; YoY_pct: 292
Virginia,2005,0,288,290,YoY_abs: 288; YoY_pct: 290
Virginia,2006,0,288,300,YoY_abs: 288; YoY_pct: 300
Virginia,2007,0,288,296,YoY_abs: 288; YoY_pct: 296
Virginia,2008,0,288,306,YoY_abs: 288; YoY_pct: 306
Virginia,2009,0,288,310,YoY_abs: 288; YoY_pct: 310
Virginia,2010,0,288,298,YoY_abs: 288; YoY_pct: 298
Virginia,2011,0,288,304,YoY_abs: 288; YoY_pct: 304
Virginia,2012,0,288,306,YoY_abs: 288; YoY_pct: 306
Virginia,2013,0,288,308,YoY_abs: 288; YoY_pct: 308
Virginia,2014,0,384,398,YoY_abs: 384; YoY_pct: 398
Virginia,2015,0,336,352,YoY_abs: 336; YoY_pct: 352
Virginia,2016,0,336,346,YoY_abs: 336; YoY_pct: 346
Virginia,2017,0,336,346,YoY_abs: 336; YoY_pct: 346
Virginia,2018,0,336,350,YoY_abs: 336; YoY_pct: 350
Virginia,2019,0,336,342,YoY_abs: 336; YoY_pct: 342
Virginia,2020,0,336,342,YoY_abs: 336; YoY_pct: 342
Virginia,2021,0,384,390,YoY_abs: 384; YoY_pct: 390
Virginia,2022,0,360,366,YoY_abs: 360; YoY_pct: 366
Virginia,2023,0,360,374,YoY_abs: 360; YoY_pct: 374
Virginia,2024,0,360,370,YoY_abs: 360; YoY_pct: 370
Virginia,2025,0,210,218,YoY_abs: 210; YoY_pct: 218
Washington,2001,0,620,620,YoY_abs: 620; YoY_pct: 620
Washington,2002,0,380,386,YoY_abs: 380; YoY_pct: 386
Washington,2003,0,336,336,YoY_abs: 336; YoY_pct: 336
Washington,2004,0,336,336,YoY_abs: 336; YoY_pct: 336
Washington,2005,0,336,336,YoY_abs: 336; YoY_pct: 336
Washington,2006,0,336,336,YoY_abs: 336; YoY_pct: 336
Washington,2007,0,336,336,YoY_abs: 336; YoY_pct: 336
Washington,2008,0,384,384,YoY_abs: 384; YoY_pct: 384
Washington,2009,0,360,384,YoY_abs: 360; YoY_pct: 384
Washington,2010,0,360,384,YoY_abs: 360; YoY_pct: 384
Washington,2011,0,360,384,YoY_abs: 360; YoY_pct: 384
Washington,2012,0,360,379,YoY_abs: 360; YoY_pct: 379
Washington,2013,0,360,372,YoY_abs: 360; YoY_pct: 372
Washington,2014,0,360,373,YoY_abs: 360; YoY_pct: 373
Washington,2015,0,360,360,YoY_abs: 360; YoY_pct: 360
Washington,2016,0,360,360,YoY_abs: 360; YoY_pct: 360
Washington,2017,0,360,360,YoY_abs: 360; YoY_pct: 360
Washington,2018,0,360,360,YoY_abs: 360; YoY_pct: 360
Washington,2019,0,360,360,YoY_abs: 360; YoY_pct: 360
Washington,2020,0,360,360,YoY_abs: 360; YoY_pct: 360
Washington,2021,0,360,360,YoY_abs: 360; YoY_pct: 360
Washington,2022,0,360,360,YoY_abs: 360; YoY_pct: 360
Washington,2023,0,360,360,YoY_abs: 360; YoY_pct: 360
Washington,2024,0,360,360,YoY_abs: 360; YoY_pct: 360
Washington,2025,0,210,212,YoY_abs: 210; YoY_pct: 212
"Washington, D.C.",2001,16,180,180,Value: 16; YoY_abs: 180; YoY_pct: 180
"Washington, D.C.",2002,12,79,111,Value: 12; YoY_abs: 79; YoY_pct: 111
"Washington, D.C.",2003,16,78,102,Value: 16; YoY_abs: 78; YoY_pct: 102
"Washington, D.C.",2004,12,77,109,Value: 12; YoY_abs: 77; YoY_pct: 109
"Washington, D.C.",2005,13,77,101,Value: 13; YoY_abs: 77; YoY_pct: 101
"Washington, D.C.",2006,12,77,109,Value: 12; YoY_abs: 77; YoY_pct: 109
"Washington, D.C.",2007,24,79,103,Value: 24; YoY_abs: 79; YoY_pct: 103
"Washington, D.C.",2008,16,78,126,Value: 16; YoY_abs: 78; YoY_pct: 126
"Washington, D.C.",2009,16,79,111,Value: 16; YoY_abs: 79; YoY_pct: 111
"Washington, D.C.",2010,12,78,110,Value: 12; YoY_abs: 78; YoY_pct: 110
"Washington, D.C.",2011,0,123,147,YoY_abs: 123; YoY_pct: 147
"Washington, D.C.",2012,0,96,108,YoY_abs: 96; YoY_pct: 108
"Washington, D.C.",2013,0,96,114,YoY_abs: 96; YoY_pct: 114
"Washington, D.C.",2014,0,288,312,YoY_abs: 288; YoY_pct: 312
"Washington, D.C.",2015,0,276,300,YoY_abs: 276; YoY_pct: 300
"Washington, D.C.",2016,0,294,308,YoY_abs: 294; YoY_pct: 308
"Washington, D.C.",2017,0,264,264,YoY_abs: 264; YoY_pct: 264
"Washington, D.C.",2018,0,264,294,YoY_abs: 264; YoY_pct: 294
"Washington, D.C.",2019,0,264,312,YoY_abs: 264; YoY_pct: 312
"Washington, D.C.",2020,0,264,288,YoY_abs: 264; YoY_pct: 288
"Washington, D.C.",2021,0,264,288,YoY_abs: 264; YoY_pct: 288
"Washington, D.C.",2022,0,264,287,YoY_abs: 264; YoY_pct: 287
"Washington, D.C.",2023,0,264,288,YoY_abs: 264; YoY_pct: 288
"Washington, D.C.",2024,0,264,312,YoY_abs: 264; YoY_pct: 312
"Washington, D.C.",2025,0,154,180,YoY_abs: 154; YoY_pct: 180
West Virginia,2001,0,516,516,YoY_abs: 516; YoY_pct: 516
West Virginia,2002,0,296,297,YoY_abs: 296; YoY_pct: 297
West Virginia,2003,0,356,361,YoY_abs: 356; YoY_pct: 361
West Virginia,2004,0,312,313,YoY_abs: 312; YoY_pct: 313
West Virginia,2005,0,312,325,YoY_abs: 312; YoY_pct: 325
West Virginia,2006,0,312,342,YoY_abs: 312; YoY_pct: 342
West Virginia,2007,0,312,326,YoY_abs: 312; YoY_pct: 326
West Virginia,2008,0,312,360,YoY_abs: 312; YoY_pct: 360
West Virginia,2009,0,312,360,YoY_abs: 312; YoY_pct: 360
West Virginia,2010,0,312,360,YoY_abs: 312; YoY_pct: 360
West Virginia,2011,0,312,360,YoY_abs: 312; YoY_pct: 360
West Virginia,2012,0,306,325,YoY_abs: 306; YoY_pct: 325
West Virginia,2013,0,288,288,YoY_abs: 288; YoY_pct: 288
West Virginia,2014,0,336,336,YoY_abs: 336; YoY_pct: 336
West Virginia,2015,0,312,336,YoY_abs: 312; YoY_pct: 336
West Virginia,2016,0,288,288,YoY_abs: 288; YoY_pct: 288
West Virginia,2017,0,288,288,YoY_abs: 288; YoY_pct: 288
West Virginia,2018,0,288,288,YoY_abs: 288; YoY_pct: 288
West Virginia,2019,0,312,336,YoY_abs: 312; YoY_pct: 336
West Virginia,2020,0,312,336,YoY_abs: 312; YoY_pct: 336
West Virginia,2021,0,312,312,YoY_abs: 312; YoY_pct: 312
West Virginia,2022,0,312,312,YoY_abs: 312; YoY_pct: 312
West Virginia,2023,0,312,312,YoY_abs: 312; YoY_pct: 312
West Virginia,2024,0,312,340,YoY_abs: 312; YoY_pct: 340
West Virginia,2025,0,182,196,YoY_abs: 182; YoY_pct: 196
Wisconsin,2001,0,708,708,YoY_abs: 708; YoY_pct: 708
Wisconsin,2002,0,336,336,YoY_abs: 336; YoY_pct: 336
Wisconsin,2003,0,336,336,YoY_abs: 336; YoY_pct: 336
Wisconsin,2004,0,336,336,YoY_abs: 336; YoY_pct: 336
Wisconsin,2005,0,336,336,YoY_abs: 336; YoY_pct: 336
Wisconsin,2006,0,336,336,YoY_abs: 336; YoY_pct: 336
Wisconsin,2007,0,336,336,YoY_abs: 336; YoY_pct: 336
Wisconsin,2008,0,336,336,YoY_abs: 336; YoY_pct: 336
Wisconsin,2009,0,336,336,YoY_abs: 336; YoY_pct: 336
Wisconsin,2010,0,336,336,YoY_abs: 336; YoY_pct: 336
Wisconsin,2011,0,336,336,YoY_abs: 336; YoY_pct: 336
Wisconsin,2012,0,336,336,YoY_abs: 336; YoY_pct: 336
Wisconsin,2013,0,336,336,YoY_abs: 336; YoY_pct: 336
Wisconsin,2014,0,384,384,YoY_abs: 384; YoY_pct: 384
Wisconsin,2015,0,360,360,YoY_abs: 360; YoY_pct: 360
Wisconsin,2016,0,360,360,YoY_abs: 360; YoY_pct: 360
Wisconsin,2017,0,360,360,YoY_abs: 360; YoY_pct: 360
Wisconsin,2018,0,360,360,YoY_abs: 360; YoY_pct: 360
Wisconsin,2019,0,360,360,YoY_abs: 360; YoY_pct: 360
Wisconsin,2020,0,360,360,YoY_abs: 360; YoY_pct: 360
Wisconsin,2021,0,360,360,YoY_abs: 360; YoY_pct: 360
Wisconsin,2022,0,360,360,YoY_abs: 360; YoY_pct: 360
Wisconsin,2023,0,360,360,YoY_abs: 360; YoY_pct: 360
Wisconsin,2024,0,360,360,YoY_abs: 360; YoY_pct: 360
Wisconsin,2025,0,210,210,YoY_abs: 210; YoY_pct: 210
Wyoming,2001,0,564,564,YoY_abs: 564; YoY_pct: 564
Wyoming,2002,0,264,264,YoY_abs: 264; YoY_pct: 264
Wyoming,2003,0,264,264,YoY_abs: 264; YoY_pct: 264
Wyoming,2004,0,264,264,YoY_abs: 264; YoY_pct: 264
Wyoming,2005,0,264,264,YoY_abs: 264; YoY_pct: 264
Wyoming,2006,0,264,264,YoY_abs: 264; YoY_pct: 264
Wyoming,2007,0,264,264,YoY_abs: 264; YoY_pct: 264
Wyoming,2008,0,264,264,YoY_abs: 264; YoY_pct: 264
Wyoming,2009,0,264,264,YoY_abs: 264; YoY_pct: 264
Wyoming,2010,0,264,264,YoY_abs: 264; YoY_pct: 264
Wyoming,2011,0,264,264,YoY_abs: 264; YoY_pct: 264
Wyoming,2012,0,264,264,YoY_abs: 264; YoY_pct: 264
Wyoming,2013,0,264,264,YoY_abs: 264; YoY_pct: 264
Wyoming,2014,0,312,312,YoY_abs: 312; YoY_pct: 312
Wyoming,2015,0,288,288,YoY_abs: 288; YoY_pct: 288
Wyoming,2016,0,288,292,YoY_abs: 288; YoY_pct: 292
Wyoming,2017,0,288,288,YoY_abs: 288; YoY_pct: 288
Wyoming,2018,0,288,312,YoY_abs: 288; YoY_pct: 312
Wyoming,2019,0,288,288,YoY_abs: 288; YoY_pct: 288
Wyoming,2020,0,288,288,YoY_abs: 288; YoY_pct: 288
Wyoming,2021,0,288,288,YoY_abs: 288; YoY_pct: 288
Wyoming,2022,0,288,288,YoY_abs: 288; YoY_pct: 288
Wyoming,2023,0,288,288,YoY_abs: 288; YoY_pct: 288
Wyoming,2024,0,288,292,YoY_abs: 288; YoY_pct: 292
Wyoming,2025,0,168,172,YoY_abs: 168; YoY_pct: 172
